DELETE FROM `cherokee_wordpress`.`wp_posts` WHERE `wp_posts`.`post_type` = "post";
INSERT INTO `wp_posts` (`ID`, `post_author`, `post_date`, `post_date_gmt`, `post_content`, `post_title`, `post_excerpt`, `post_status`, `comment_status`, `ping_status`, `post_password`, `post_name`, `to_ping`, `pinged`, `post_modified`, `post_modified_gmt`, `post_content_filtered`, `post_parent`, `guid`, `menu_order`, `post_type`, `post_mime_type`, `comment_count`) VALUES
(85, 1, '2010-07-02 10:43:53', '2010-07-02 15:43:53', '<table border="0" width="100%" valign="top">\r\n  <tr>\r\n<table width="100%" style="border-style: solid;border-color: red;border-width:2pt;color:red;">\r\n  <tr>\r\n    <td style="text-align:right;" class="col1data"><span class="stemhd">English entry:</span></td>\r\n    <td style="text-align:left;" class="col2data"><span class="glo"></span></td>\r\n	<td class="col2data">&nbsp;</td>\r\n  </tr>\r\n  <tr>\r\n    <td style="text-align:right;" class="col1data"><span class="stemhd">Cherokee translation:</span></td>\r\n    <td style="text-align:left;" class="col2data"><span  class="def">striped, spotted</span></td>\r\n	<td class="col2data">&nbsp;</td>\r\n  </tr>\r\n  <tr>\r\n    <td style="text-align:right;" class="col1data"><span class="stemhd">Stem:</span></td>\r\n    <td style="text-align:left;" class="col2data"><span  class="stm">sgwagahli</span> <span class="partsp">adj</span></td>\r\n	<td class="col2data">&nbsp;</td>\r\n  </tr>\r\n</table>  \r\n  </tr>\r\n\r\n  <tr>\r\n    <td>\r\n<table border="0" width="100%">\r\n  <tr>\r\n    <td class="tableRow">\r\n<table border="0" width="100%">\r\n  <thead>\r\n    <th class="col1head">Syllabary</th>\r\n    <th class="col2head">Phonetics</th>\r\n    <th class="col2head">English</th>\r\n  </thead>\r\n\r\n</table>\r\n    </td>\r\n  </tr>\r\n\r\n  </table>\r\n  </td>\r\n  </tr>\r\n</table>\r\n', 'ᏐᎣᏘ (sgwagahli)', '', 'publish', 'open', 'open', '', 'sgwagahli1.htm', '', '', '2010-07-02 10:43:53', '2010-07-02 15:43:53', '', 0, 'http://www.cnec-edu.org/wp-cherokee/wp-content/uploads/?p=85', 0, 'post', '', 0),
(86, 1, '2010-07-02 10:43:53', '2010-07-02 15:43:53', '<table border="0" width="100%" valign="top">\r\n  <tr>\r\n<table width="100%" style="border-style: solid;border-color: red;border-width:2pt;color:red;">\r\n  <tr>\r\n    <td style="text-align:right;" class="col1data"><span class="stemhd">English entry:</span></td>\r\n    <td style="text-align:left;" class="col2data"><span class="glo"></span></td>\r\n	<td class="col2data">&nbsp;</td>\r\n  </tr>\r\n  <tr>\r\n    <td style="text-align:right;" class="col1data"><span class="stemhd">Cherokee translation:</span></td>\r\n    <td style="text-align:left;" class="col2data"><span  class="def">Fort Gibson (''striped'')</span></td>\r\n	<td class="col2data">&nbsp;</td>\r\n  </tr>\r\n  <tr>\r\n    <td style="text-align:right;" class="col1data"><span class="stemhd">Stem:</span></td>\r\n    <td style="text-align:left;" class="col2data"><span  class="stm">sgwagahli</span> <span class="partsp">n</span></td>\r\n	<td class="col2data">&nbsp;</td>\r\n  </tr>\r\n</table>  \r\n  </tr>\r\n  <tr>\r\n    <td valign="top" width="160">\r\n<a href=""><img src="http://www.cnec-edu.org/wp-cherokee/wp-content/uploadsgibson.png" width="150" border="0" alt="ᏐᎣᏘ" /></a><br />\r\nᏐᎣᏘ\r\n    </td>\r\n  </tr>\r\n  <tr>\r\n    <td>\r\n<table border="0" width="100%">\r\n  <tr>\r\n    <td class="tableRow">\r\n<table border="0" width="100%">\r\n  <thead>\r\n    <th class="col1head">Syllabary</th>\r\n    <th class="col2head">Phonetics</th>\r\n    <th class="col2head">English</th>\r\n  </thead>\r\n\r\n</table>\r\n    </td>\r\n  </tr>\r\n\r\n  </table>\r\n  </td>\r\n  </tr>\r\n</table>\r\n', 'ᏐᎣᏘ (sgwagahli)', '', 'publish', 'open', 'open', '', 'sgwagahli2.htm', '', '', '2010-07-02 10:43:53', '2010-07-02 15:43:53', '', 0, 'http://www.cnec-edu.org/wp-cherokee/wp-content/uploads/?p=86', 0, 'post', '', 0),
(87, 1, '2010-07-02 10:43:53', '2010-07-02 15:43:53', '<table border="0" width="100%" valign="top">\r\n  <tr>\r\n<table width="100%" style="border-style: solid;border-color: red;border-width:2pt;color:red;">\r\n  <tr>\r\n    <td style="text-align:right;" class="col1data"><span class="stemhd">English entry:</span></td>\r\n    <td style="text-align:left;" class="col2data"><span class="glo"></span></td>\r\n	<td class="col2data">&nbsp;</td>\r\n  </tr>\r\n  <tr>\r\n    <td style="text-align:right;" class="col1data"><span class="stemhd">Cherokee translation:</span></td>\r\n    <td style="text-align:left;" class="col2data"><span  class="def"></span></td>\r\n	<td class="col2data">&nbsp;</td>\r\n  </tr>\r\n  <tr>\r\n    <td style="text-align:right;" class="col1data"><span class="stemhd">Stem:</span></td>\r\n    <td style="text-align:left;" class="col2data"><span  class="stm">juli?lena</span> <span class="partsp"></span></td>\r\n	<td class="col2data">&nbsp;</td>\r\n  </tr>\r\n</table>  \r\n  </tr>\r\n\r\n  <tr>\r\n    <td>\r\n<table border="0" width="100%">\r\n  <tr>\r\n    <td class="tableRow">\r\n<table border="0" width="100%">\r\n  <thead>\r\n    <th class="col1head">Syllabary</th>\r\n    <th class="col2head">Phonetics</th>\r\n    <th class="col2head">English</th>\r\n  </thead>\r\n\r\n</table>\r\n    </td>\r\n  </tr>\r\n\r\n  </table>\r\n  </td>\r\n  </tr>\r\n</table>\r\n', ' (juli?lena)', '', 'publish', 'open', 'open', '', 'julilena1.htm', '', '', '2010-07-02 10:43:53', '2010-07-02 15:43:53', '', 0, 'http://www.cnec-edu.org/wp-cherokee/wp-content/uploads/?p=87', 0, 'post', '', 0),
(88, 1, '2010-07-02 10:43:53', '2010-07-02 15:43:53', '<table border="0" width="100%" valign="top">\r\n  <tr>\r\n<table width="100%" style="border-style: solid;border-color: red;border-width:2pt;color:red;">\r\n  <tr>\r\n    <td style="text-align:right;" class="col1data"><span class="stemhd">English entry:</span></td>\r\n    <td style="text-align:left;" class="col2data"><span class="glo"></span></td>\r\n	<td class="col2data">&nbsp;</td>\r\n  </tr>\r\n  <tr>\r\n    <td style="text-align:right;" class="col1data"><span class="stemhd">Cherokee translation:</span></td>\r\n    <td style="text-align:left;" class="col2data"><span  class="def">chickadee (CLH:50) chickadee, tomtit (AF:178)</span></td>\r\n	<td class="col2data">&nbsp;</td>\r\n  </tr>\r\n  <tr>\r\n    <td style="text-align:right;" class="col1data"><span class="stemhd">Stem:</span></td>\r\n    <td style="text-align:left;" class="col2data"><span  class="stm">jigalili, jigilili, jigi''lili</span> <span class="partsp">n</span></td>\r\n	<td class="col2data">&nbsp;</td>\r\n  </tr>\r\n</table>  \r\n  </tr>\r\n\r\n  <tr>\r\n    <td>\r\n<table border="0" width="100%">\r\n  <tr>\r\n    <td class="tableRow">\r\n<table border="0" width="100%">\r\n  <thead>\r\n    <th class="col1head">Syllabary</th>\r\n    <th class="col2head">Phonetics</th>\r\n    <th class="col2head">English</th>\r\n  </thead>\r\n\r\n</table>\r\n    </td>\r\n  </tr>\r\n<!-- SubEntry-tpl.htm - snippet for each subentry -->\r\n  <tr>\r\n    <td class="tableRowpl">\r\n<table border="0" width="100%">\r\n  <thead>\r\n    <th class="col1head">Plural</th>\r\n    <th class="col2head">&nbsp;</th>\r\n    <th class="col2head">&nbsp;</th>\r\n  </thead>\r\n  <tr>\r\n    <td class="col1data">\r\n<!-- <input type="Text" name="form" value="ᏐᎣᏘ" class="txBox" / --> \r\n<span class="syll">ᏐᎣᏘ</span>\r\n    </td>\r\n    <td class="col2data">\r\n<!-- input type="Text" name="example" value="jigi''lili yinigawe adanelv na''v, ghilo daga''luhji anadisgo anijalagi." class="txBox" / -->\r\n<span class="exam">jigi''lili yinigawe adanelv na''v, ghilo daga''luhji anadisgo anijalagi.</span>\r\n    </td>\r\n    <td class="col2data">\r\n<!-- input type="Text" name="translation" value="When a chickadee sings near a house,Cherokees say that someone will come.(DF:134)" class="txBox" / -->\r\n<span class="tran">When a chickadee sings near a house,Cherokees say that someone will come.(DF:134)</span>\r\n    </td>\r\n  </tr>\r\n\r\n</table>\r\n    </td>\r\n  </tr>\r\n\r\n  </table>\r\n  </td>\r\n  </tr>\r\n</table>\r\n', 'ᏐᎣᏘ (jigalili, jigilili, jigi''lili)', '', 'publish', 'open', 'open', '', 'jigalilijigililijigilili1.htm', '', '', '2010-07-02 10:43:53', '2010-07-02 15:43:53', '', 0, 'http://www.cnec-edu.org/wp-cherokee/wp-content/uploads/?p=88', 0, 'post', '', 0),
(89, 1, '2010-07-02 10:43:53', '2010-07-02 15:43:53', '<table border="0" width="100%" valign="top">\r\n  <tr>\r\n<table width="100%" style="border-style: solid;border-color: red;border-width:2pt;color:red;">\r\n  <tr>\r\n    <td style="text-align:right;" class="col1data"><span class="stemhd">English entry:</span></td>\r\n    <td style="text-align:left;" class="col2data"><span class="glo"></span></td>\r\n	<td class="col2data">&nbsp;</td>\r\n  </tr>\r\n  <tr>\r\n    <td style="text-align:right;" class="col1data"><span class="stemhd">Cherokee translation:</span></td>\r\n    <td style="text-align:left;" class="col2data"><span  class="def">yellowbellied sapsucker (CLH:51) type of woodpecker (AF:174)</span></td>\r\n	<td class="col2data">&nbsp;</td>\r\n  </tr>\r\n  <tr>\r\n    <td style="text-align:right;" class="col1data"><span class="stemhd">Stem:</span></td>\r\n    <td style="text-align:left;" class="col2data"><span  class="stm">jaja</span> <span class="partsp">n</span></td>\r\n	<td class="col2data">&nbsp;</td>\r\n  </tr>\r\n</table>  \r\n  </tr>\r\n\r\n  <tr>\r\n    <td>\r\n<table border="0" width="100%">\r\n  <tr>\r\n    <td class="tableRow">\r\n<table border="0" width="100%">\r\n  <thead>\r\n    <th class="col1head">Syllabary</th>\r\n    <th class="col2head">Phonetics</th>\r\n    <th class="col2head">English</th>\r\n  </thead>\r\n\r\n</table>\r\n    </td>\r\n  </tr>\r\n\r\n  </table>\r\n  </td>\r\n  </tr>\r\n</table>\r\n', 'ᏐᎣᏘ (jaja)', '', 'publish', 'open', 'open', '', 'jaja1.htm', '', '', '2010-07-02 10:43:53', '2010-07-02 15:43:53', '', 0, 'http://www.cnec-edu.org/wp-cherokee/wp-content/uploads/?p=89', 0, 'post', '', 0),
(90, 1, '2010-07-02 10:43:53', '2010-07-02 15:43:53', '<table border="0" width="100%" valign="top">\r\n  <tr>\r\n<table width="100%" style="border-style: solid;border-color: red;border-width:2pt;color:red;">\r\n  <tr>\r\n    <td style="text-align:right;" class="col1data"><span class="stemhd">English entry:</span></td>\r\n    <td style="text-align:left;" class="col2data"><span class="glo"></span></td>\r\n	<td class="col2data">&nbsp;</td>\r\n  </tr>\r\n  <tr>\r\n    <td style="text-align:right;" class="col1data"><span class="stemhd">Cherokee translation:</span></td>\r\n    <td style="text-align:left;" class="col2data"><span  class="def">answer</span></td>\r\n	<td class="col2data">&nbsp;</td>\r\n  </tr>\r\n  <tr>\r\n    <td style="text-align:right;" class="col1data"><span class="stemhd">Stem:</span></td>\r\n    <td style="text-align:left;" class="col2data"><span  class="stm">hnohvli</span> <span class="partsp">n</span></td>\r\n	<td class="col2data">&nbsp;</td>\r\n  </tr>\r\n</table>  \r\n  </tr>\r\n\r\n  <tr>\r\n    <td>\r\n<table border="0" width="100%">\r\n  <tr>\r\n    <td class="tableRow">\r\n<table border="0" width="100%">\r\n  <thead>\r\n    <th class="col1head">Syllabary</th>\r\n    <th class="col2head">Phonetics</th>\r\n    <th class="col2head">English</th>\r\n  </thead>\r\n<!-- Example-tpl.htm - snippet for additional examples -->\r\n  <tr>\r\n    <td class="col1data">\r\n<!-- input type="Text" name="example" value="Gohusdi yiduyukdi nvdehlvsgvna yvkanohvli." class="txBox" / -->\r\n<span class="syll"></span>\r\n	</td>\r\n    <td class="col2data">\r\n<!-- input type="Text" name="example" value="Gohusdi yiduyukdi nvdehlvsgvna yvkanohvli." class="txBox" / -->\r\n<span class="exam">Gohusdi yiduyukdi nvdehlvsgvna yvkanohvli.</span>\r\n    </td>\r\n    <td class="col2data">\r\n<!-- input type="Text" name="example" value="" class="txBox" / -->\r\n<span class="tran"></span>\r\n    </td>\r\n  </tr>\r\n<!-- Example-tpl.htm - snippet for additional examples -->\r\n  <tr>\r\n    <td class="col1data">\r\n<!-- input type="Text" name="example" value="" class="txBox" / -->\r\n<span class="syll"></span>\r\n	</td>\r\n    <td class="col2data">\r\n<!-- input type="Text" name="example" value="" class="txBox" / -->\r\n<span class="exam"></span>\r\n    </td>\r\n    <td class="col2data">\r\n<!-- input type="Text" name="example" value="When something is true you are not candid with your answer. (EJF3:96)" class="txBox" / -->\r\n<span class="tran">When something is true you are not candid with your answer. (EJF3:96)</span>\r\n    </td>\r\n  </tr>\r\n\r\n</table>\r\n    </td>\r\n  </tr>\r\n\r\n  </table>\r\n  </td>\r\n  </tr>\r\n</table>\r\n', ' (hnohvli)', '', 'publish', 'open', 'open', '', 'hnohvli1.htm', '', '', '2010-07-02 10:43:53', '2010-07-02 15:43:53', '', 0, 'http://www.cnec-edu.org/wp-cherokee/wp-content/uploads/?p=90', 0, 'post', '', 0),
(91, 1, '2010-07-02 10:43:53', '2010-07-02 15:43:53', '<table border="0" width="100%" valign="top">\r\n  <tr>\r\n<table width="100%" style="border-style: solid;border-color: red;border-width:2pt;color:red;">\r\n  <tr>\r\n    <td style="text-align:right;" class="col1data"><span class="stemhd">English entry:</span></td>\r\n    <td style="text-align:left;" class="col2data"><span class="glo"></span></td>\r\n	<td class="col2data">&nbsp;</td>\r\n  </tr>\r\n  <tr>\r\n    <td style="text-align:right;" class="col1data"><span class="stemhd">Cherokee translation:</span></td>\r\n    <td style="text-align:left;" class="col2data"><span  class="def">to answer, speak</span></td>\r\n	<td class="col2data">&nbsp;</td>\r\n  </tr>\r\n  <tr>\r\n    <td style="text-align:right;" class="col1data"><span class="stemhd">Stem:</span></td>\r\n    <td style="text-align:left;" class="col2data"><span  class="stm">hnega</span> <span class="partsp">v</span></td>\r\n	<td class="col2data">&nbsp;</td>\r\n  </tr>\r\n</table>  \r\n  </tr>\r\n\r\n  <tr>\r\n    <td>\r\n<table border="0" width="100%">\r\n  <tr>\r\n    <td class="tableRow">\r\n<table border="0" width="100%">\r\n  <thead>\r\n    <th class="col1head">Syllabary</th>\r\n    <th class="col2head">Phonetics</th>\r\n    <th class="col2head">English</th>\r\n  </thead>\r\n\r\n</table>\r\n    </td>\r\n  </tr>\r\n<!-- SubEntry-tpl.htm - snippet for each subentry -->\r\n  <tr>\r\n    <td class="tableRowIMM">\r\n<table border="0" width="100%">\r\n  <thead>\r\n    <th class="col1head">Immediate</th>\r\n    <th class="col2head">&nbsp;</th>\r\n    <th class="col2head">&nbsp;</th>\r\n  </thead>\r\n  <tr>\r\n    <td class="col1data">\r\n<!-- <input type="Text" name="form" value="" class="txBox" / --> \r\n<span class="syll"></span>\r\n    </td>\r\n    <td class="col2data">\r\n<!-- input type="Text" name="example" value="" class="txBox" / -->\r\n<span class="exam"></span>\r\n    </td>\r\n    <td class="col2data">\r\n<!-- input type="Text" name="translation" value="" class="txBox" / -->\r\n<span class="tran"></span>\r\n    </td>\r\n  </tr>\r\n\r\n</table>\r\n    </td>\r\n  </tr>\r\n<!-- SubEntry-tpl.htm - snippet for each subentry -->\r\n  <tr>\r\n    <td class="tableRowDVN">\r\n<table border="0" width="100%">\r\n  <thead>\r\n    <th class="col1head">Deverbal Noun</th>\r\n    <th class="col2head">&nbsp;</th>\r\n    <th class="col2head">&nbsp;</th>\r\n  </thead>\r\n  <tr>\r\n    <td class="col1data">\r\n<!-- <input type="Text" name="form" value="ᏐᎣᏘ" class="txBox" / --> \r\n<span class="syll">ᏐᎣᏘ</span>\r\n    </td>\r\n    <td class="col2data">\r\n<!-- input type="Text" name="example" value="" class="txBox" / -->\r\n<span class="exam"></span>\r\n    </td>\r\n    <td class="col2data">\r\n<!-- input type="Text" name="translation" value="''It''s good to speak Cherokee.'' [BS]" class="txBox" / -->\r\n<span class="tran">''It''s good to speak Cherokee.'' [BS]</span>\r\n    </td>\r\n  </tr>\r\n<!-- Example-tpl.htm - snippet for additional examples -->\r\n  <tr>\r\n    <td class="col1data">\r\n<!-- input type="Text" name="example" value="" class="txBox" / -->\r\n<span class="syll"></span>\r\n	</td>\r\n    <td class="col2data">\r\n<!-- input type="Text" name="example" value="" class="txBox" / -->\r\n<span class="exam"></span>\r\n    </td>\r\n    <td class="col2data">\r\n<!-- input type="Text" name="example" value="John is too angry to speak/He is becoming angry he fails to speak [BS] 10-5-06 CX" class="txBox" / -->\r\n<span class="tran">John is too angry to speak/He is becoming angry he fails to speak [BS] 10-5-06 CX</span>\r\n    </td>\r\n  </tr>\r\n<!-- Example-tpl.htm - snippet for additional examples -->\r\n  <tr>\r\n    <td class="col1data">\r\n<!-- input type="Text" name="example" value="" class="txBox" / -->\r\n<span class="syll">ᏐᎣᏘ</span>\r\n	</td>\r\n    <td class="col2data">\r\n<!-- input type="Text" name="example" value="" class="txBox" / -->\r\n<span class="exam"></span>\r\n    </td>\r\n    <td class="col2data">\r\n<!-- input type="Text" name="example" value="''We want for you to speak the truth.'' EJ-473 12-10-07" class="txBox" / -->\r\n<span class="tran">''We want for you to speak the truth.'' EJ-473 12-10-07</span>\r\n    </td>\r\n  </tr>\r\n<!-- Example-tpl.htm - snippet for additional examples -->\r\n  <tr>\r\n    <td class="col1data">\r\n<!-- input type="Text" name="example" value="" class="txBox" / -->\r\n<span class="syll">ᏐᎣᏘ</span>\r\n	</td>\r\n    <td class="col2data">\r\n<!-- input type="Text" name="example" value="" class="txBox" / -->\r\n<span class="exam"></span>\r\n    </td>\r\n    <td class="col2data">\r\n<!-- input type="Text" name="example" value="''I want to speak over and over.'' EJ-682 2-27-08" class="txBox" / -->\r\n<span class="tran">''I want to speak over and over.'' EJ-682 2-27-08</span>\r\n    </td>\r\n  </tr>\r\n<!-- Example-tpl.htm - snippet for additional examples -->\r\n  <tr>\r\n    <td class="col1data">\r\n<!-- input type="Text" name="example" value="" class="txBox" / -->\r\n<span class="syll">ᏐᎣᏘ</span>\r\n	</td>\r\n    <td class="col2data">\r\n<!-- input type="Text" name="example" value="" class="txBox" / -->\r\n<span class="exam"></span>\r\n    </td>\r\n    <td class="col2data">\r\n<!-- input type="Text" name="example" value="''I have to speak over and over.'' Cook 142, EJ-655 2-13-08, EJ-682 2-27-08" class="txBox" / -->\r\n<span class="tran">''I have to speak over and over.'' Cook 142, EJ-655 2-13-08, EJ-682 2-27-08</span>\r\n    </td>\r\n  </tr>\r\n\r\n</table>\r\n    </td>\r\n  </tr>\r\n<!-- SubEntry-tpl.htm - snippet for each subentry -->\r\n  <tr>\r\n    <td class="tableRowPRC">\r\n<table border="0" width="100%">\r\n  <thead>\r\n    <th class="col1head">Present Continuous (PRC)</th>\r\n    <th class="col2head">&nbsp;</th>\r\n    <th class="col2head">&nbsp;</th>\r\n  </thead>\r\n  <tr>\r\n    <td class="col1data">\r\n<!-- <input type="Text" name="form" value="ᏐᎣᏘ" class="txBox" / --> \r\n<span class="syll">ᏐᎣᏘ</span>\r\n    </td>\r\n    <td class="col2data">\r\n<!-- input type="Text" name="example" value="" class="txBox" / -->\r\n<span class="exam"></span>\r\n    </td>\r\n    <td class="col2data">\r\n<!-- input type="Text" name="translation" value="I''m answering" class="txBox" / -->\r\n<span class="tran">I''m answering</span>\r\n    </td>\r\n  </tr>\r\n<!-- Example-tpl.htm - snippet for additional examples -->\r\n  <tr>\r\n    <td class="col1data">\r\n<!-- input type="Text" name="example" value="" class="txBox" / -->\r\n<span class="syll"></span>\r\n	</td>\r\n    <td class="col2data">\r\n<!-- input type="Text" name="example" value="" class="txBox" / -->\r\n<span class="exam"></span>\r\n    </td>\r\n    <td class="col2data">\r\n<!-- input type="Text" name="example" value="as he reads he is speaking [BS] SF 10-25-05 CX" class="txBox" / -->\r\n<span class="tran">as he reads he is speaking [BS] SF 10-25-05 CX</span>\r\n    </td>\r\n  </tr>\r\n<!-- Example-tpl.htm - snippet for additional examples -->\r\n  <tr>\r\n    <td class="col1data">\r\n<!-- input type="Text" name="example" value="" class="txBox" / -->\r\n<span class="syll"></span>\r\n	</td>\r\n    <td class="col2data">\r\n<!-- input type="Text" name="example" value="" class="txBox" / -->\r\n<span class="exam"></span>\r\n    </td>\r\n    <td class="col2data">\r\n<!-- input type="Text" name="example" value="Can he talk? [HO 6-2-06]" class="txBox" / -->\r\n<span class="tran">Can he talk? [HO 6-2-06]</span>\r\n    </td>\r\n  </tr>\r\n\r\n</table>\r\n    </td>\r\n  </tr>\r\n<!-- SubEntry-tpl.htm - snippet for each subentry -->\r\n  <tr>\r\n    <td class="tableRowINC">\r\n<table border="0" width="100%">\r\n  <thead>\r\n    <th class="col1head">Incompletive</th>\r\n    <th class="col2head">&nbsp;</th>\r\n    <th class="col2head">&nbsp;</th>\r\n  </thead>\r\n  <tr>\r\n    <td class="col1data">\r\n<!-- <input type="Text" name="form" value="" class="txBox" / --> \r\n<span class="syll"></span>\r\n    </td>\r\n    <td class="col2data">\r\n<!-- input type="Text" name="example" value="" class="txBox" / -->\r\n<span class="exam"></span>\r\n    </td>\r\n    <td class="col2data">\r\n<!-- input type="Text" name="translation" value="he speaks the truth [BS] 5-16-06" class="txBox" / -->\r\n<span class="tran">he speaks the truth [BS] 5-16-06</span>\r\n    </td>\r\n  </tr>\r\n<!-- Example-tpl.htm - snippet for additional examples -->\r\n  <tr>\r\n    <td class="col1data">\r\n<!-- input type="Text" name="example" value="" class="txBox" / -->\r\n<span class="syll"></span>\r\n	</td>\r\n    <td class="col2data">\r\n<!-- input type="Text" name="example" value="" class="txBox" / -->\r\n<span class="exam"></span>\r\n    </td>\r\n    <td class="col2data">\r\n<!-- input type="Text" name="example" value="I speak [BS] 4-28-06" class="txBox" / -->\r\n<span class="tran">I speak [BS] 4-28-06</span>\r\n    </td>\r\n  </tr>\r\n<!-- Example-tpl.htm - snippet for additional examples -->\r\n  <tr>\r\n    <td class="col1data">\r\n<!-- input type="Text" name="example" value="" class="txBox" / -->\r\n<span class="syll">ᏐᎣᏘ</span>\r\n	</td>\r\n    <td class="col2data">\r\n<!-- input type="Text" name="example" value="" class="txBox" / -->\r\n<span class="exam"></span>\r\n    </td>\r\n    <td class="col2data">\r\n<!-- input type="Text" name="example" value="''Did he answer when you were speaking to him?'' (Feeling 1975:139)" class="txBox" / -->\r\n<span class="tran">''Did he answer when you were speaking to him?'' (Feeling 1975:139)</span>\r\n    </td>\r\n  </tr>\r\n\r\n</table>\r\n    </td>\r\n  </tr>\r\n<!-- SubEntry-tpl.htm - snippet for each subentry -->\r\n  <tr>\r\n    <td class="tableRowCMP">\r\n<table border="0" width="100%">\r\n  <thead>\r\n    <th class="col1head">Completive</th>\r\n    <th class="col2head">&nbsp;</th>\r\n    <th class="col2head">&nbsp;</th>\r\n  </thead>\r\n  <tr>\r\n    <td class="col1data">\r\n<!-- <input type="Text" name="form" value="" class="txBox" / --> \r\n<span class="syll"></span>\r\n    </td>\r\n    <td class="col2data">\r\n<!-- input type="Text" name="example" value="sdaya yichanejv kila yatvgvga." class="txBox" / -->\r\n<span class="exam">sdaya yichanejv kila yatvgvga.</span>\r\n    </td>\r\n    <td class="col2data">\r\n<!-- input type="Text" name="translation" value="" class="txBox" / -->\r\n<span class="tran"></span>\r\n    </td>\r\n  </tr>\r\n<!-- Example-tpl.htm - snippet for additional examples -->\r\n  <tr>\r\n    <td class="col1data">\r\n<!-- input type="Text" name="example" value="" class="txBox" / -->\r\n<span class="syll"></span>\r\n	</td>\r\n    <td class="col2data">\r\n<!-- input type="Text" name="example" value="" class="txBox" / -->\r\n<span class="exam"></span>\r\n    </td>\r\n    <td class="col2data">\r\n<!-- input type="Text" name="example" value="He will hear you when you speak loud. (EJF1:57)" class="txBox" / -->\r\n<span class="tran">He will hear you when you speak loud. (EJF1:57)</span>\r\n    </td>\r\n  </tr>\r\n<!-- Example-tpl.htm - snippet for additional examples -->\r\n  <tr>\r\n    <td class="col1data">\r\n<!-- input type="Text" name="example" value="" class="txBox" / -->\r\n<span class="syll"></span>\r\n	</td>\r\n    <td class="col2data">\r\n<!-- input type="Text" name="example" value="" class="txBox" / -->\r\n<span class="exam"></span>\r\n    </td>\r\n    <td class="col2data">\r\n<!-- input type="Text" name="example" value="he answered [BS] 10-18-05" class="txBox" / -->\r\n<span class="tran">he answered [BS] 10-18-05</span>\r\n    </td>\r\n  </tr>\r\n\r\n</table>\r\n    </td>\r\n  </tr>\r\n\r\n  </table>\r\n  </td>\r\n  </tr>\r\n</table>\r\n', ' (hnega)', '', 'publish', 'open', 'open', '', 'hnega1.htm', '', '', '2010-07-02 10:43:53', '2010-07-02 15:43:53', '', 0, 'http://www.cnec-edu.org/wp-cherokee/wp-content/uploads/?p=91', 0, 'post', '', 0),
(92, 1, '2010-07-02 10:43:53', '2010-07-02 15:43:53', '<table border="0" width="100%" valign="top">\r\n  <tr>\r\n<table width="100%" style="border-style: solid;border-color: red;border-width:2pt;color:red;">\r\n  <tr>\r\n    <td style="text-align:right;" class="col1data"><span class="stemhd">English entry:</span></td>\r\n    <td style="text-align:left;" class="col2data"><span class="glo"></span></td>\r\n	<td class="col2data">&nbsp;</td>\r\n  </tr>\r\n  <tr>\r\n    <td style="text-align:right;" class="col1data"><span class="stemhd">Cherokee translation:</span></td>\r\n    <td style="text-align:left;" class="col2data"><span  class="def">to take a flexible object somewhere by hand (DF)</span></td>\r\n	<td class="col2data">&nbsp;</td>\r\n  </tr>\r\n  <tr>\r\n    <td style="text-align:right;" class="col1data"><span class="stemhd">Stem:</span></td>\r\n    <td style="text-align:left;" class="col2data"><span  class="stm">hnega</span> <span class="partsp">v</span></td>\r\n	<td class="col2data">&nbsp;</td>\r\n  </tr>\r\n</table>  \r\n  </tr>\r\n\r\n  <tr>\r\n    <td>\r\n<table border="0" width="100%">\r\n  <tr>\r\n    <td class="tableRow">\r\n<table border="0" width="100%">\r\n  <thead>\r\n    <th class="col1head">Syllabary</th>\r\n    <th class="col2head">Phonetics</th>\r\n    <th class="col2head">English</th>\r\n  </thead>\r\n\r\n</table>\r\n    </td>\r\n  </tr>\r\n\r\n  </table>\r\n  </td>\r\n  </tr>\r\n</table>\r\n', ' (hnega)', '', 'publish', 'open', 'open', '', 'hnega2.htm', '', '', '2010-07-02 10:43:53', '2010-07-02 15:43:53', '', 0, 'http://www.cnec-edu.org/wp-cherokee/wp-content/uploads/?p=92', 0, 'post', '', 0),
(93, 1, '2010-07-02 10:43:53', '2010-07-02 15:43:53', '<table border="0" width="100%" valign="top">\r\n  <tr>\r\n<table width="100%" style="border-style: solid;border-color: red;border-width:2pt;color:red;">\r\n  <tr>\r\n    <td style="text-align:right;" class="col1data"><span class="stemhd">English entry:</span></td>\r\n    <td style="text-align:left;" class="col2data"><span class="glo"></span></td>\r\n	<td class="col2data">&nbsp;</td>\r\n  </tr>\r\n  <tr>\r\n    <td style="text-align:right;" class="col1data"><span class="stemhd">Cherokee translation:</span></td>\r\n    <td style="text-align:left;" class="col2data"><span  class="def">yellow-bellied sapsucker (AF:172)</span></td>\r\n	<td class="col2data">&nbsp;</td>\r\n  </tr>\r\n  <tr>\r\n    <td style="text-align:right;" class="col1data"><span class="stemhd">Stem:</span></td>\r\n    <td style="text-align:left;" class="col2data"><span  class="stm">ali''lena</span> <span class="partsp">n</span></td>\r\n	<td class="col2data">&nbsp;</td>\r\n  </tr>\r\n</table>  \r\n  </tr>\r\n\r\n  <tr>\r\n    <td>\r\n<table border="0" width="100%">\r\n  <tr>\r\n    <td class="tableRow">\r\n<table border="0" width="100%">\r\n  <thead>\r\n    <th class="col1head">Syllabary</th>\r\n    <th class="col2head">Phonetics</th>\r\n    <th class="col2head">English</th>\r\n  </thead>\r\n\r\n</table>\r\n    </td>\r\n  </tr>\r\n\r\n  </table>\r\n  </td>\r\n  </tr>\r\n</table>\r\n', 'ᏐᎣᏘ (ali''lena)', '', 'publish', 'open', 'open', '', 'alilena1.htm', '', '', '2010-07-02 10:43:53', '2010-07-02 15:43:53', '', 0, 'http://www.cnec-edu.org/wp-cherokee/wp-content/uploads/?p=93', 0, 'post', '', 0);
INSERT INTO `wp_posts` (`ID`, `post_author`, `post_date`, `post_date_gmt`, `post_content`, `post_title`, `post_excerpt`, `post_status`, `comment_status`, `ping_status`, `post_password`, `post_name`, `to_ping`, `pinged`, `post_modified`, `post_modified_gmt`, `post_content_filtered`, `post_parent`, `guid`, `menu_order`, `post_type`, `post_mime_type`, `comment_count`) VALUES
(94, 1, '2010-07-02 10:43:53', '2010-07-02 15:43:53', '<table border="0" width="100%" valign="top">\r\n  <tr>\r\n<table width="100%" style="border-style: solid;border-color: red;border-width:2pt;color:red;">\r\n  <tr>\r\n    <td style="text-align:right;" class="col1data"><span class="stemhd">English entry:</span></td>\r\n    <td style="text-align:left;" class="col2data"><span class="glo"></span></td>\r\n	<td class="col2data">&nbsp;</td>\r\n  </tr>\r\n  <tr>\r\n    <td style="text-align:right;" class="col1data"><span class="stemhd">Cherokee translation:</span></td>\r\n    <td style="text-align:left;" class="col2data"><span  class="def">to have a nightmare</span></td>\r\n	<td class="col2data">&nbsp;</td>\r\n  </tr>\r\n  <tr>\r\n    <td style="text-align:right;" class="col1data"><span class="stemhd">Stem:</span></td>\r\n    <td style="text-align:left;" class="col2data"><span  class="stm">ahliki</span> <span class="partsp">v</span></td>\r\n	<td class="col2data">&nbsp;</td>\r\n  </tr>\r\n</table>  \r\n  </tr>\r\n\r\n  <tr>\r\n    <td>\r\n<table border="0" width="100%">\r\n  <tr>\r\n    <td class="tableRow">\r\n<table border="0" width="100%">\r\n  <thead>\r\n    <th class="col1head">Syllabary</th>\r\n    <th class="col2head">Phonetics</th>\r\n    <th class="col2head">English</th>\r\n  </thead>\r\n<!-- Example-tpl.htm - snippet for additional examples -->\r\n  <tr>\r\n    <td class="col1data">\r\n<!-- input type="Text" name="example" value="" class="txBox" / -->\r\n<span class="syll"></span>\r\n	</td>\r\n    <td class="col2data">\r\n<!-- input type="Text" name="example" value="" class="txBox" / -->\r\n<span class="exam"></span>\r\n    </td>\r\n    <td class="col2data">\r\n<!-- input type="Text" name="example" value="When he has eaten a lot, he has a nightmare." class="txBox" / -->\r\n<span class="tran">When he has eaten a lot, he has a nightmare.</span>\r\n    </td>\r\n  </tr>\r\n\r\n</table>\r\n    </td>\r\n  </tr>\r\n<!-- SubEntry-tpl.htm - snippet for each subentry -->\r\n  <tr>\r\n    <td class="tableRowIMM">\r\n<table border="0" width="100%">\r\n  <thead>\r\n    <th class="col1head">Immediate</th>\r\n    <th class="col2head">&nbsp;</th>\r\n    <th class="col2head">&nbsp;</th>\r\n  </thead>\r\n  <tr>\r\n    <td class="col1data">\r\n<!-- <input type="Text" name="form" value="" class="txBox" / --> \r\n<span class="syll"></span>\r\n    </td>\r\n    <td class="col2data">\r\n<!-- input type="Text" name="example" value="gatligi" class="txBox" / -->\r\n<span class="exam">gatligi</span>\r\n    </td>\r\n    <td class="col2data">\r\n<!-- input type="Text" name="translation" value="I (just) had a nightmare" class="txBox" / -->\r\n<span class="tran">I (just) had a nightmare</span>\r\n    </td>\r\n  </tr>\r\n<!-- Example-tpl.htm - snippet for additional examples -->\r\n  <tr>\r\n    <td class="col1data">\r\n<!-- input type="Text" name="example" value="hahliɡi" class="txBox" / -->\r\n<span class="syll"></span>\r\n	</td>\r\n    <td class="col2data">\r\n<!-- input type="Text" name="example" value="hahliɡi" class="txBox" / -->\r\n<span class="exam">hahliɡi</span>\r\n    </td>\r\n    <td class="col2data">\r\n<!-- input type="Text" name="example" value="You (just) had a nightmare" class="txBox" / -->\r\n<span class="tran">You (just) had a nightmare</span>\r\n    </td>\r\n  </tr>\r\n<!-- Example-tpl.htm - snippet for additional examples -->\r\n  <tr>\r\n    <td class="col1data">\r\n<!-- input type="Text" name="example" value="atligi" class="txBox" / -->\r\n<span class="syll"></span>\r\n	</td>\r\n    <td class="col2data">\r\n<!-- input type="Text" name="example" value="atligi" class="txBox" / -->\r\n<span class="exam">atligi</span>\r\n    </td>\r\n    <td class="col2data">\r\n<!-- input type="Text" name="example" value="He/she/it (just) had a nightmare" class="txBox" / -->\r\n<span class="tran">He/she/it (just) had a nightmare</span>\r\n    </td>\r\n  </tr>\r\n<!-- Example-tpl.htm - snippet for additional examples -->\r\n  <tr>\r\n    <td class="col1data">\r\n<!-- input type="Text" name="example" value="inatlegi" class="txBox" / -->\r\n<span class="syll"></span>\r\n	</td>\r\n    <td class="col2data">\r\n<!-- input type="Text" name="example" value="inatlegi" class="txBox" / -->\r\n<span class="exam">inatlegi</span>\r\n    </td>\r\n    <td class="col2data">\r\n<!-- input type="Text" name="example" value="We (just) had a nightmare (me + 1 person)" class="txBox" / -->\r\n<span class="tran">We (just) had a nightmare (me + 1 person)</span>\r\n    </td>\r\n  </tr>\r\n<!-- Example-tpl.htm - snippet for additional examples -->\r\n  <tr>\r\n    <td class="col1data">\r\n<!-- input type="Text" name="example" value="otsatligi " class="txBox" / -->\r\n<span class="syll"></span>\r\n	</td>\r\n    <td class="col2data">\r\n<!-- input type="Text" name="example" value="otsatligi " class="txBox" / -->\r\n<span class="exam">otsatligi </span>\r\n    </td>\r\n    <td class="col2data">\r\n<!-- input type="Text" name="example" value="We (just) had a nightmare (me + 2 persons)" class="txBox" / -->\r\n<span class="tran">We (just) had a nightmare (me + 2 persons)</span>\r\n    </td>\r\n  </tr>\r\n<!-- Example-tpl.htm - snippet for additional examples -->\r\n  <tr>\r\n    <td class="col1data">\r\n<!-- input type="Text" name="example" value="idatligi" class="txBox" / -->\r\n<span class="syll"></span>\r\n	</td>\r\n    <td class="col2data">\r\n<!-- input type="Text" name="example" value="idatligi" class="txBox" / -->\r\n<span class="exam">idatligi</span>\r\n    </td>\r\n    <td class="col2data">\r\n<!-- input type="Text" name="example" value="We (just) had a nightmare (me + 3 or more persons)" class="txBox" / -->\r\n<span class="tran">We (just) had a nightmare (me + 3 or more persons)</span>\r\n    </td>\r\n  </tr>\r\n<!-- Example-tpl.htm - snippet for additional examples -->\r\n  <tr>\r\n    <td class="col1data">\r\n<!-- input type="Text" name="example" value="statligi" class="txBox" / -->\r\n<span class="syll"></span>\r\n	</td>\r\n    <td class="col2data">\r\n<!-- input type="Text" name="example" value="statligi" class="txBox" / -->\r\n<span class="exam">statligi</span>\r\n    </td>\r\n    <td class="col2data">\r\n<!-- input type="Text" name="example" value="You (just) had a nightmare (2 persons) " class="txBox" / -->\r\n<span class="tran">You (just) had a nightmare (2 persons) </span>\r\n    </td>\r\n  </tr>\r\n<!-- Example-tpl.htm - snippet for additional examples -->\r\n  <tr>\r\n    <td class="col1data">\r\n<!-- input type="Text" name="example" value="itsatligi" class="txBox" / -->\r\n<span class="syll"></span>\r\n	</td>\r\n    <td class="col2data">\r\n<!-- input type="Text" name="example" value="itsatligi" class="txBox" / -->\r\n<span class="exam">itsatligi</span>\r\n    </td>\r\n    <td class="col2data">\r\n<!-- input type="Text" name="example" value="You (just) had a nightmare (more then 2 persons)" class="txBox" / -->\r\n<span class="tran">You (just) had a nightmare (more then 2 persons)</span>\r\n    </td>\r\n  </tr>\r\n<!-- Example-tpl.htm - snippet for additional examples -->\r\n  <tr>\r\n    <td class="col1data">\r\n<!-- input type="Text" name="example" value="anatligi" class="txBox" / -->\r\n<span class="syll"></span>\r\n	</td>\r\n    <td class="col2data">\r\n<!-- input type="Text" name="example" value="anatligi" class="txBox" / -->\r\n<span class="exam">anatligi</span>\r\n    </td>\r\n    <td class="col2data">\r\n<!-- input type="Text" name="example" value="They (just) had a nightmare (2 persons or more)" class="txBox" / -->\r\n<span class="tran">They (just) had a nightmare (2 persons or more)</span>\r\n    </td>\r\n  </tr>\r\n\r\n</table>\r\n    </td>\r\n  </tr>\r\n<!-- SubEntry-tpl.htm - snippet for each subentry -->\r\n  <tr>\r\n    <td class="tableRowINC">\r\n<table border="0" width="100%">\r\n  <thead>\r\n    <th class="col1head">Incompletive</th>\r\n    <th class="col2head">&nbsp;</th>\r\n    <th class="col2head">&nbsp;</th>\r\n  </thead>\r\n  <tr>\r\n    <td class="col1data">\r\n<!-- <input type="Text" name="form" value="" class="txBox" / --> \r\n<span class="syll"></span>\r\n    </td>\r\n    <td class="col2data">\r\n<!-- input type="Text" name="example" value="gatligisɡóoʔi" class="txBox" / -->\r\n<span class="exam">gatligisɡóoʔi</span>\r\n    </td>\r\n    <td class="col2data">\r\n<!-- input type="Text" name="translation" value="I have a nightmare." class="txBox" / -->\r\n<span class="tran">I have a nightmare.</span>\r\n    </td>\r\n  </tr>\r\n<!-- Example-tpl.htm - snippet for additional examples -->\r\n  <tr>\r\n    <td class="col1data">\r\n<!-- input type="Text" name="example" value="hahliɡií sɡóoʔi" class="txBox" / -->\r\n<span class="syll"></span>\r\n	</td>\r\n    <td class="col2data">\r\n<!-- input type="Text" name="example" value="hahliɡií sɡóoʔi" class="txBox" / -->\r\n<span class="exam">hahliɡií sɡóoʔi</span>\r\n    </td>\r\n    <td class="col2data">\r\n<!-- input type="Text" name="example" value="You have a nightmare." class="txBox" / -->\r\n<span class="tran">You have a nightmare.</span>\r\n    </td>\r\n  </tr>\r\n<!-- Example-tpl.htm - snippet for additional examples -->\r\n  <tr>\r\n    <td class="col1data">\r\n<!-- input type="Text" name="example" value="atligi sɡóoʔi" class="txBox" / -->\r\n<span class="syll"></span>\r\n	</td>\r\n    <td class="col2data">\r\n<!-- input type="Text" name="example" value="atligi sɡóoʔi" class="txBox" / -->\r\n<span class="exam">atligi sɡóoʔi</span>\r\n    </td>\r\n    <td class="col2data">\r\n<!-- input type="Text" name="example" value="he/she/it has a nightmare." class="txBox" / -->\r\n<span class="tran">he/she/it has a nightmare.</span>\r\n    </td>\r\n  </tr>\r\n<!-- Example-tpl.htm - snippet for additional examples -->\r\n  <tr>\r\n    <td class="col1data">\r\n<!-- input type="Text" name="example" value="inatligi sɡóoʔi" class="txBox" / -->\r\n<span class="syll"></span>\r\n	</td>\r\n    <td class="col2data">\r\n<!-- input type="Text" name="example" value="inatligi sɡóoʔi" class="txBox" / -->\r\n<span class="exam">inatligi sɡóoʔi</span>\r\n    </td>\r\n    <td class="col2data">\r\n<!-- input type="Text" name="example" value="We have a nightmare. (me + 1 person)" class="txBox" / -->\r\n<span class="tran">We have a nightmare. (me + 1 person)</span>\r\n    </td>\r\n  </tr>\r\n<!-- Example-tpl.htm - snippet for additional examples -->\r\n  <tr>\r\n    <td class="col1data">\r\n<!-- input type="Text" name="example" value="idahtligi sɡóoʔi" class="txBox" / -->\r\n<span class="syll"></span>\r\n	</td>\r\n    <td class="col2data">\r\n<!-- input type="Text" name="example" value="idahtligi sɡóoʔi" class="txBox" / -->\r\n<span class="exam">idahtligi sɡóoʔi</span>\r\n    </td>\r\n    <td class="col2data">\r\n<!-- input type="Text" name="example" value="We have a nightmare. (me + 2 persons)" class="txBox" / -->\r\n<span class="tran">We have a nightmare. (me + 2 persons)</span>\r\n    </td>\r\n  </tr>\r\n<!-- Example-tpl.htm - snippet for additional examples -->\r\n  <tr>\r\n    <td class="col1data">\r\n<!-- input type="Text" name="example" value="anatligi sɡóoʔi" class="txBox" / -->\r\n<span class="syll"></span>\r\n	</td>\r\n    <td class="col2data">\r\n<!-- input type="Text" name="example" value="anatligi sɡóoʔi" class="txBox" / -->\r\n<span class="exam">anatligi sɡóoʔi</span>\r\n    </td>\r\n    <td class="col2data">\r\n<!-- input type="Text" name="example" value="We have a nightmare (me + more than 2 persons)" class="txBox" / -->\r\n<span class="tran">We have a nightmare (me + more than 2 persons)</span>\r\n    </td>\r\n  </tr>\r\n<!-- Example-tpl.htm - snippet for additional examples -->\r\n  <tr>\r\n    <td class="col1data">\r\n<!-- input type="Text" name="example" value="statligi sɡóoʔi" class="txBox" / -->\r\n<span class="syll"></span>\r\n	</td>\r\n    <td class="col2data">\r\n<!-- input type="Text" name="example" value="statligi sɡóoʔi" class="txBox" / -->\r\n<span class="exam">statligi sɡóoʔi</span>\r\n    </td>\r\n    <td class="col2data">\r\n<!-- input type="Text" name="example" value="You have a nightmare. (2 persons)" class="txBox" / -->\r\n<span class="tran">You have a nightmare. (2 persons)</span>\r\n    </td>\r\n  </tr>\r\n<!-- Example-tpl.htm - snippet for additional examples -->\r\n  <tr>\r\n    <td class="col1data">\r\n<!-- input type="Text" name="example" value="itsatligi sɡóoʔi" class="txBox" / -->\r\n<span class="syll"></span>\r\n	</td>\r\n    <td class="col2data">\r\n<!-- input type="Text" name="example" value="itsatligi sɡóoʔi" class="txBox" / -->\r\n<span class="exam">itsatligi sɡóoʔi</span>\r\n    </td>\r\n    <td class="col2data">\r\n<!-- input type="Text" name="example" value="You have a nightmare. (2 persons and more)" class="txBox" / -->\r\n<span class="tran">You have a nightmare. (2 persons and more)</span>\r\n    </td>\r\n  </tr>\r\n<!-- Example-tpl.htm - snippet for additional examples -->\r\n  <tr>\r\n    <td class="col1data">\r\n<!-- input type="Text" name="example" value="anatligi sɡóoʔi" class="txBox" / -->\r\n<span class="syll"></span>\r\n	</td>\r\n    <td class="col2data">\r\n<!-- input type="Text" name="example" value="anatligi sɡóoʔi" class="txBox" / -->\r\n<span class="exam">anatligi sɡóoʔi</span>\r\n    </td>\r\n    <td class="col2data">\r\n<!-- input type="Text" name="example" value="They have a nightmare." class="txBox" / -->\r\n<span class="tran">They have a nightmare.</span>\r\n    </td>\r\n  </tr>\r\n\r\n</table>\r\n    </td>\r\n  </tr>\r\n<!-- SubEntry-tpl.htm - snippet for each subentry -->\r\n  <tr>\r\n    <td class="tableRowDVN">\r\n<table border="0" width="100%">\r\n  <thead>\r\n    <th class="col1head">Deverbal Noun</th>\r\n    <th class="col2head">&nbsp;</th>\r\n    <th class="col2head">&nbsp;</th>\r\n  </thead>\r\n  <tr>\r\n    <td class="col1data">\r\n<!-- <input type="Text" name="form" value="" class="txBox" / --> \r\n<span class="syll"></span>\r\n    </td>\r\n    <td class="col2data">\r\n<!-- input type="Text" name="example" value="jahliɡiis̀ di awaduli" class="txBox" / -->\r\n<span class="exam">jahliɡiis̀ di awaduli</span>\r\n    </td>\r\n    <td class="col2data">\r\n<!-- input type="Text" name="translation" value="I want you to have a nightmare." class="txBox" / -->\r\n<span class="tran">I want you to have a nightmare.</span>\r\n    </td>\r\n  </tr>\r\n<!-- Example-tpl.htm - snippet for additional examples -->\r\n  <tr>\r\n    <td class="col1data">\r\n<!-- input type="Text" name="example" value="awatlegis di  tsaduli" class="txBox" / -->\r\n<span class="syll"></span>\r\n	</td>\r\n    <td class="col2data">\r\n<!-- input type="Text" name="example" value="awatlegis di  tsaduli" class="txBox" / -->\r\n<span class="exam">awatlegis di  tsaduli</span>\r\n    </td>\r\n    <td class="col2data">\r\n<!-- input type="Text" name="example" value="You want me to have a nightmare." class="txBox" / -->\r\n<span class="tran">You want me to have a nightmare.</span>\r\n    </td>\r\n  </tr>\r\n<!-- Example-tpl.htm - snippet for additional examples -->\r\n  <tr>\r\n    <td class="col1data">\r\n<!-- input type="Text" name="example" value="utligis di uduli" class="txBox" / -->\r\n<span class="syll"></span>\r\n	</td>\r\n    <td class="col2data">\r\n<!-- input type="Text" name="example" value="utligis di uduli" class="txBox" / -->\r\n<span class="exam">utligis di uduli</span>\r\n    </td>\r\n    <td class="col2data">\r\n<!-- input type="Text" name="example" value="He/she/it wants me to have a nightmare." class="txBox" / -->\r\n<span class="tran">He/she/it wants me to have a nightmare.</span>\r\n    </td>\r\n  </tr>\r\n<!-- Example-tpl.htm - snippet for additional examples -->\r\n  <tr>\r\n    <td class="col1data">\r\n<!-- input type="Text" name="example" value="tsatlagis di oginaduli" class="txBox" / -->\r\n<span class="syll"></span>\r\n	</td>\r\n    <td class="col2data">\r\n<!-- input type="Text" name="example" value="tsatlagis di oginaduli" class="txBox" / -->\r\n<span class="exam">tsatlagis di oginaduli</span>\r\n    </td>\r\n    <td class="col2data">\r\n<!-- input type="Text" name="example" value="We want you to have a nightmare. (me + 1 person)" class="txBox" / -->\r\n<span class="tran">We want you to have a nightmare. (me + 1 person)</span>\r\n    </td>\r\n  </tr>\r\n<!-- Example-tpl.htm - snippet for additional examples -->\r\n  <tr>\r\n    <td class="col1data">\r\n<!-- input type="Text" name="example" value="tsatlegis di ogaduli" class="txBox" / -->\r\n<span class="syll"></span>\r\n	</td>\r\n    <td class="col2data">\r\n<!-- input type="Text" name="example" value="tsatlegis di ogaduli" class="txBox" / -->\r\n<span class="exam">tsatlegis di ogaduli</span>\r\n    </td>\r\n    <td class="col2data">\r\n<!-- input type="Text" name="example" value="We want you to have a nightmare. (me + 2 persons) same as the one before (me + 3 or more persons)" class="txBox" / -->\r\n<span class="tran">We want you to have a nightmare. (me + 2 persons) same as the one before (me + 3 or more persons)</span>\r\n    </td>\r\n  </tr>\r\n<!-- Example-tpl.htm - snippet for additional examples -->\r\n  <tr>\r\n    <td class="col1data">\r\n<!-- input type="Text" name="example" value="awatligis di staduli" class="txBox" / -->\r\n<span class="syll"></span>\r\n	</td>\r\n    <td class="col2data">\r\n<!-- input type="Text" name="example" value="awatligis di staduli" class="txBox" / -->\r\n<span class="exam">awatligis di staduli</span>\r\n    </td>\r\n    <td class="col2data">\r\n<!-- input type="Text" name="example" value="You want me to have a nightmare. (2 persons)" class="txBox" / -->\r\n<span class="tran">You want me to have a nightmare. (2 persons)</span>\r\n    </td>\r\n  </tr>\r\n<!-- Example-tpl.htm - snippet for additional examples -->\r\n  <tr>\r\n    <td class="col1data">\r\n<!-- input type="Text" name="example" value="awatligis di itsaduli" class="txBox" / -->\r\n<span class="syll"></span>\r\n	</td>\r\n    <td class="col2data">\r\n<!-- input type="Text" name="example" value="awatligis di itsaduli" class="txBox" / -->\r\n<span class="exam">awatligis di itsaduli</span>\r\n    </td>\r\n    <td class="col2data">\r\n<!-- input type="Text" name="example" value="You want me to have a nightmare. (2 persons and more)" class="txBox" / -->\r\n<span class="tran">You want me to have a nightmare. (2 persons and more)</span>\r\n    </td>\r\n  </tr>\r\n<!-- Example-tpl.htm - snippet for additional examples -->\r\n  <tr>\r\n    <td class="col1data">\r\n<!-- input type="Text" name="example" value="tsatlagis di unaduli" class="txBox" / -->\r\n<span class="syll"></span>\r\n	</td>\r\n    <td class="col2data">\r\n<!-- input type="Text" name="example" value="tsatlagis di unaduli" class="txBox" / -->\r\n<span class="exam">tsatlagis di unaduli</span>\r\n    </td>\r\n    <td class="col2data">\r\n<!-- input type="Text" name="example" value="''They want you to have a nightmare.''" class="txBox" / -->\r\n<span class="tran">''They want you to have a nightmare.''</span>\r\n    </td>\r\n  </tr>\r\n<!-- Example-tpl.htm - snippet for additional examples -->\r\n  <tr>\r\n    <td class="col1data">\r\n<!-- input type="Text" name="example" value="jahliɡiis̀ di tla yaɡwaduuli " class="txBox" / -->\r\n<span class="syll"></span>\r\n	</td>\r\n    <td class="col2data">\r\n<!-- input type="Text" name="example" value="jahliɡiis̀ di tla yaɡwaduuli " class="txBox" / -->\r\n<span class="exam">jahliɡiis̀ di tla yaɡwaduuli </span>\r\n    </td>\r\n    <td class="col2data">\r\n<!-- input type="Text" name="example" value="I don''t want you to have a nightmare" class="txBox" / -->\r\n<span class="tran">I don''t want you to have a nightmare</span>\r\n    </td>\r\n  </tr>\r\n\r\n</table>\r\n    </td>\r\n  </tr>\r\n<!-- SubEntry-tpl.htm - snippet for each subentry -->\r\n  <tr>\r\n    <td class="tableRowPRC">\r\n<table border="0" width="100%">\r\n  <thead>\r\n    <th class="col1head">Present Continuous (PRC)</th>\r\n    <th class="col2head">&nbsp;</th>\r\n    <th class="col2head">&nbsp;</th>\r\n  </thead>\r\n  <tr>\r\n    <td class="col1data">\r\n<!-- <input type="Text" name="form" value="" class="txBox" / --> \r\n<span class="syll"></span>\r\n    </td>\r\n    <td class="col2data">\r\n<!-- input type="Text" name="example" value="gatligiʔ́ a" class="txBox" / -->\r\n<span class="exam">gatligiʔ́ a</span>\r\n    </td>\r\n    <td class="col2data">\r\n<!-- input type="Text" name="translation" value="I am having a nightmare." class="txBox" / -->\r\n<span class="tran">I am having a nightmare.</span>\r\n    </td>\r\n  </tr>\r\n<!-- Example-tpl.htm - snippet for additional examples -->\r\n  <tr>\r\n    <td class="col1data">\r\n<!-- input type="Text" name="example" value="hahliɡiʔ́ a" class="txBox" / -->\r\n<span class="syll"></span>\r\n	</td>\r\n    <td class="col2data">\r\n<!-- input type="Text" name="example" value="hahliɡiʔ́ a" class="txBox" / -->\r\n<span class="exam">hahliɡiʔ́ a</span>\r\n    </td>\r\n    <td class="col2data">\r\n<!-- input type="Text" name="example" value="You are having a nightmare." class="txBox" / -->\r\n<span class="tran">You are having a nightmare.</span>\r\n    </td>\r\n  </tr>\r\n<!-- Example-tpl.htm - snippet for additional examples -->\r\n  <tr>\r\n    <td class="col1data">\r\n<!-- input type="Text" name="example" value="atligiʔ́ a" class="txBox" / -->\r\n<span class="syll"></span>\r\n	</td>\r\n    <td class="col2data">\r\n<!-- input type="Text" name="example" value="atligiʔ́ a" class="txBox" / -->\r\n<span class="exam">atligiʔ́ a</span>\r\n    </td>\r\n    <td class="col2data">\r\n<!-- input type="Text" name="example" value="He/she/it is having a nightmare." class="txBox" / -->\r\n<span class="tran">He/she/it is having a nightmare.</span>\r\n    </td>\r\n  </tr>\r\n<!-- Example-tpl.htm - snippet for additional examples -->\r\n  <tr>\r\n    <td class="col1data">\r\n<!-- input type="Text" name="example" value="ostatligiʔ́ a" class="txBox" / -->\r\n<span class="syll"></span>\r\n	</td>\r\n    <td class="col2data">\r\n<!-- input type="Text" name="example" value="ostatligiʔ́ a" class="txBox" / -->\r\n<span class="exam">ostatligiʔ́ a</span>\r\n    </td>\r\n    <td class="col2data">\r\n<!-- input type="Text" name="example" value="We are having a nightmare. (me + 1 person)" class="txBox" / -->\r\n<span class="tran">We are having a nightmare. (me + 1 person)</span>\r\n    </td>\r\n  </tr>\r\n<!-- Example-tpl.htm - snippet for additional examples -->\r\n  <tr>\r\n    <td class="col1data">\r\n<!-- input type="Text" name="example" value="otsatligiʔ́ a" class="txBox" / -->\r\n<span class="syll"></span>\r\n	</td>\r\n    <td class="col2data">\r\n<!-- input type="Text" name="example" value="otsatligiʔ́ a" class="txBox" / -->\r\n<span class="exam">otsatligiʔ́ a</span>\r\n    </td>\r\n    <td class="col2data">\r\n<!-- input type="Text" name="example" value="We are having a nightmare. (me + 2 persons) " class="txBox" / -->\r\n<span class="tran">We are having a nightmare. (me + 2 persons) </span>\r\n    </td>\r\n  </tr>\r\n<!-- Example-tpl.htm - snippet for additional examples -->\r\n  <tr>\r\n    <td class="col1data">\r\n<!-- input type="Text" name="example" value="idatligiʔ́ a" class="txBox" / -->\r\n<span class="syll"></span>\r\n	</td>\r\n    <td class="col2data">\r\n<!-- input type="Text" name="example" value="idatligiʔ́ a" class="txBox" / -->\r\n<span class="exam">idatligiʔ́ a</span>\r\n    </td>\r\n    <td class="col2data">\r\n<!-- input type="Text" name="example" value="We are having a nightmare. (me + 3 or more persons)" class="txBox" / -->\r\n<span class="tran">We are having a nightmare. (me + 3 or more persons)</span>\r\n    </td>\r\n  </tr>\r\n<!-- Example-tpl.htm - snippet for additional examples -->\r\n  <tr>\r\n    <td class="col1data">\r\n<!-- input type="Text" name="example" value="statligiʔ́ a" class="txBox" / -->\r\n<span class="syll"></span>\r\n	</td>\r\n    <td class="col2data">\r\n<!-- input type="Text" name="example" value="statligiʔ́ a" class="txBox" / -->\r\n<span class="exam">statligiʔ́ a</span>\r\n    </td>\r\n    <td class="col2data">\r\n<!-- input type="Text" name="example" value="You are having a nightmare. (2 persons)" class="txBox" / -->\r\n<span class="tran">You are having a nightmare. (2 persons)</span>\r\n    </td>\r\n  </tr>\r\n<!-- Example-tpl.htm - snippet for additional examples -->\r\n  <tr>\r\n    <td class="col1data">\r\n<!-- input type="Text" name="example" value="itsatligiʔ́ a " class="txBox" / -->\r\n<span class="syll"></span>\r\n	</td>\r\n    <td class="col2data">\r\n<!-- input type="Text" name="example" value="itsatligiʔ́ a " class="txBox" / -->\r\n<span class="exam">itsatligiʔ́ a </span>\r\n    </td>\r\n    <td class="col2data">\r\n<!-- input type="Text" name="example" value="You are having a nightmare. (2 persons and more)" class="txBox" / -->\r\n<span class="tran">You are having a nightmare. (2 persons and more)</span>\r\n    </td>\r\n  </tr>\r\n<!-- Example-tpl.htm - snippet for additional examples -->\r\n  <tr>\r\n    <td class="col1data">\r\n<!-- input type="Text" name="example" value="" class="txBox" / -->\r\n<span class="syll"></span>\r\n	</td>\r\n    <td class="col2data">\r\n<!-- input type="Text" name="example" value="" class="txBox" / -->\r\n<span class="exam"></span>\r\n    </td>\r\n    <td class="col2data">\r\n<!-- input type="Text" name="example" value="They are having a nightmare. (2 persons)" class="txBox" / -->\r\n<span class="tran">They are having a nightmare. (2 persons)</span>\r\n    </td>\r\n  </tr>\r\n<!-- Example-tpl.htm - snippet for additional examples -->\r\n  <tr>\r\n    <td class="col1data">\r\n<!-- input type="Text" name="example" value="anatligiʔ́" class="txBox" / -->\r\n<span class="syll"></span>\r\n	</td>\r\n    <td class="col2data">\r\n<!-- input type="Text" name="example" value="anatligiʔ́" class="txBox" / -->\r\n<span class="exam">anatligiʔ́</span>\r\n    </td>\r\n    <td class="col2data">\r\n<!-- input type="Text" name="example" value="They are having a nightmare. (3 persons or more)" class="txBox" / -->\r\n<span class="tran">They are having a nightmare. (3 persons or more)</span>\r\n    </td>\r\n  </tr>\r\n\r\n</table>\r\n    </td>\r\n  </tr>\r\n<!-- SubEntry-tpl.htm - snippet for each subentry -->\r\n  <tr>\r\n    <td class="tableRowCMP">\r\n<table border="0" width="100%">\r\n  <thead>\r\n    <th class="col1head">Completive</th>\r\n    <th class="col2head">&nbsp;</th>\r\n    <th class="col2head">&nbsp;</th>\r\n  </thead>\r\n  <tr>\r\n    <td class="col1data">\r\n<!-- <input type="Text" name="form" value="" class="txBox" / --> \r\n<span class="syll"></span>\r\n    </td>\r\n    <td class="col2data">\r\n<!-- input type="Text" name="example" value="jahliɡiísvv́ʔi''" class="txBox" / -->\r\n<span class="exam">jahliɡiísvv́ʔi''</span>\r\n    </td>\r\n    <td class="col2data">\r\n<!-- input type="Text" name="translation" value="You had a nightmare." class="txBox" / -->\r\n<span class="tran">You had a nightmare.</span>\r\n    </td>\r\n  </tr>\r\n\r\n</table>\r\n    </td>\r\n  </tr>\r\n\r\n  </table>\r\n  </td>\r\n  </tr>\r\n</table>\r\n', ' (ahliki)', '', 'publish', 'open', 'open', '', 'ahliki1.htm', '', '', '2010-07-02 10:43:53', '2010-07-02 15:43:53', '', 0, 'http://www.cnec-edu.org/wp-cherokee/wp-content/uploads/?p=94', 0, 'post', '', 0),
(95, 1, '2010-07-02 10:43:53', '2010-07-02 15:43:53', '<table border="0" width="100%" valign="top">\r\n  <tr>\r\n<table width="100%" style="border-style: solid;border-color: red;border-width:2pt;color:red;">\r\n  <tr>\r\n    <td style="text-align:right;" class="col1data"><span class="stemhd">English entry:</span></td>\r\n    <td style="text-align:left;" class="col2data"><span class="glo"></span></td>\r\n	<td class="col2data">&nbsp;</td>\r\n  </tr>\r\n  <tr>\r\n    <td style="text-align:right;" class="col1data"><span class="stemhd">Cherokee translation:</span></td>\r\n    <td style="text-align:left;" class="col2data"><span  class="def">to prepare something, oneself (DF) to prepare oneself, to get ready</span></td>\r\n	<td class="col2data">&nbsp;</td>\r\n  </tr>\r\n  <tr>\r\n    <td style="text-align:right;" class="col1data"><span class="stemhd">Stem:</span></td>\r\n    <td style="text-align:left;" class="col2data"><span  class="stm">advnv''isdiha, -advnvsdiha</span> <span class="partsp">v</span></td>\r\n	<td class="col2data">&nbsp;</td>\r\n  </tr>\r\n</table>  \r\n  </tr>\r\n\r\n  <tr>\r\n    <td>\r\n<table border="0" width="100%">\r\n  <tr>\r\n    <td class="tableRow">\r\n<table border="0" width="100%">\r\n  <thead>\r\n    <th class="col1head">Syllabary</th>\r\n    <th class="col2head">Phonetics</th>\r\n    <th class="col2head">English</th>\r\n  </thead>\r\n\r\n</table>\r\n    </td>\r\n  </tr>\r\n<!-- SubEntry-tpl.htm - snippet for each subentry -->\r\n  <tr>\r\n    <td class="tableRowPRC">\r\n<table border="0" width="100%">\r\n  <thead>\r\n    <th class="col1head">Present Continuous (PRC)</th>\r\n    <th class="col2head">&nbsp;</th>\r\n    <th class="col2head">&nbsp;</th>\r\n  </thead>\r\n  <tr>\r\n    <td class="col1data">\r\n<!-- <input type="Text" name="form" value="" class="txBox" / --> \r\n<span class="syll"></span>\r\n    </td>\r\n    <td class="col2data">\r\n<!-- input type="Text" name="example" value="sinale dinadehlkwasgi junaksaysdohdi degadvnvsdiha" class="txBox" / -->\r\n<span class="exam">sinale dinadehlkwasgi junaksaysdohdi degadvnvsdiha</span>\r\n    </td>\r\n    <td class="col2data">\r\n<!-- input type="Text" name="translation" value="" class="txBox" / -->\r\n<span class="tran"></span>\r\n    </td>\r\n  </tr>\r\n<!-- Example-tpl.htm - snippet for additional examples -->\r\n  <tr>\r\n    <td class="col1data">\r\n<!-- input type="Text" name="example" value="" class="txBox" / -->\r\n<span class="syll"></span>\r\n	</td>\r\n    <td class="col2data">\r\n<!-- input type="Text" name="example" value="" class="txBox" / -->\r\n<span class="exam"></span>\r\n    </td>\r\n    <td class="col2data">\r\n<!-- input type="Text" name="example" value="I am preparing tomorrow''s lessons for the students (EJF1:1)" class="txBox" / -->\r\n<span class="tran">I am preparing tomorrow''s lessons for the students (EJF1:1)</span>\r\n    </td>\r\n  </tr>\r\n<!-- Example-tpl.htm - snippet for additional examples -->\r\n  <tr>\r\n    <td class="col1data">\r\n<!-- input type="Text" name="example" value="" class="txBox" / -->\r\n<span class="syll">ᏐᎣᏘ</span>\r\n	</td>\r\n    <td class="col2data">\r\n<!-- input type="Text" name="example" value="" class="txBox" / -->\r\n<span class="exam"></span>\r\n    </td>\r\n    <td class="col2data">\r\n<!-- input type="Text" name="example" value="''We are getting ready to vote.'' EJ-628 2-13-08" class="txBox" / -->\r\n<span class="tran">''We are getting ready to vote.'' EJ-628 2-13-08</span>\r\n    </td>\r\n  </tr>\r\n<!-- Example-tpl.htm - snippet for additional examples -->\r\n  <tr>\r\n    <td class="col1data">\r\n<!-- input type="Text" name="example" value="" class="txBox" / -->\r\n<span class="syll"></span>\r\n	</td>\r\n    <td class="col2data">\r\n<!-- input type="Text" name="example" value="" class="txBox" / -->\r\n<span class="exam"></span>\r\n    </td>\r\n    <td class="col2data">\r\n<!-- input type="Text" name="example" value="Mary is preparing/readying to leave [BS] VS5.3 10-6-05" class="txBox" / -->\r\n<span class="tran">Mary is preparing/readying to leave [BS] VS5.3 10-6-05</span>\r\n    </td>\r\n  </tr>\r\n<!-- Example-tpl.htm - snippet for additional examples -->\r\n  <tr>\r\n    <td class="col1data">\r\n<!-- input type="Text" name="example" value="Dlv agwenvsdi gadvnv''isdiha." class="txBox" / -->\r\n<span class="syll"></span>\r\n	</td>\r\n    <td class="col2data">\r\n<!-- input type="Text" name="example" value="Dlv agwenvsdi gadvnv''isdiha." class="txBox" / -->\r\n<span class="exam">Dlv agwenvsdi gadvnv''isdiha.</span>\r\n    </td>\r\n    <td class="col2data">\r\n<!-- input type="Text" name="example" value="I''m getting ready to go somewhere. (DF:14)" class="txBox" / -->\r\n<span class="tran">I''m getting ready to go somewhere. (DF:14)</span>\r\n    </td>\r\n  </tr>\r\n<!-- Example-tpl.htm - snippet for additional examples -->\r\n  <tr>\r\n    <td class="col1data">\r\n<!-- input type="Text" name="example" value="Gadu uganasda uwatdi advnv''isdiha." class="txBox" / -->\r\n<span class="syll"></span>\r\n	</td>\r\n    <td class="col2data">\r\n<!-- input type="Text" name="example" value="Gadu uganasda uwatdi advnv''isdiha." class="txBox" / -->\r\n<span class="exam">Gadu uganasda uwatdi advnv''isdiha.</span>\r\n    </td>\r\n    <td class="col2data">\r\n<!-- input type="Text" name="example" value="She''s getting ready to bake a cake.(DF:93)" class="txBox" / -->\r\n<span class="tran">She''s getting ready to bake a cake.(DF:93)</span>\r\n    </td>\r\n  </tr>\r\n<!-- Example-tpl.htm - snippet for additional examples -->\r\n  <tr>\r\n    <td class="col1data">\r\n<!-- input type="Text" name="example" value="" class="txBox" / -->\r\n<span class="syll"></span>\r\n	</td>\r\n    <td class="col2data">\r\n<!-- input type="Text" name="example" value="" class="txBox" / -->\r\n<span class="exam"></span>\r\n    </td>\r\n    <td class="col2data">\r\n<!-- input type="Text" name="example" value="I''m planning, readying myself to go walk about in Tahlquah [BS] CX 9-1-05 Meeting" class="txBox" / -->\r\n<span class="tran">I''m planning, readying myself to go walk about in Tahlquah [BS] CX 9-1-05 Meeting</span>\r\n    </td>\r\n  </tr>\r\n<!-- Example-tpl.htm - snippet for additional examples -->\r\n  <tr>\r\n    <td class="col1data">\r\n<!-- input type="Text" name="example" value="" class="txBox" / -->\r\n<span class="syll"></span>\r\n	</td>\r\n    <td class="col2data">\r\n<!-- input type="Text" name="example" value="" class="txBox" / -->\r\n<span class="exam"></span>\r\n    </td>\r\n    <td class="col2data">\r\n<!-- input type="Text" name="example" value="I am ready [BS]" class="txBox" / -->\r\n<span class="tran">I am ready [BS]</span>\r\n    </td>\r\n  </tr>\r\n<!-- Example-tpl.htm - snippet for additional examples -->\r\n  <tr>\r\n    <td class="col1data">\r\n<!-- input type="Text" name="example" value="" class="txBox" / -->\r\n<span class="syll">ᏐᎣᏘ</span>\r\n	</td>\r\n    <td class="col2data">\r\n<!-- input type="Text" name="example" value="" class="txBox" / -->\r\n<span class="exam"></span>\r\n    </td>\r\n    <td class="col2data">\r\n<!-- input type="Text" name="example" value="They got ready to race (Chapter 9.1:9)" class="txBox" / -->\r\n<span class="tran">They got ready to race (Chapter 9.1:9)</span>\r\n    </td>\r\n  </tr>\r\n\r\n</table>\r\n    </td>\r\n  </tr>\r\n\r\n  </table>\r\n  </td>\r\n  </tr>\r\n</table>\r\n', ' (advnv''isdiha, -advnvsdiha)', '', 'publish', 'open', 'open', '', 'advnvisdihaadvnvsdiha1.htm', '', '', '2010-07-02 10:43:53', '2010-07-02 15:43:53', '', 0, 'http://www.cnec-edu.org/wp-cherokee/wp-content/uploads/?p=95', 0, 'post', '', 0);
DELETE FROM `cherokee_wordpress`.`wp_terms` ;
INSERT INTO `wp_terms` (`term_id`, `name`, `slug`, `term_group`) VALUES
(1, 'Uncategorized', 'Uncategorized', 0),
(2, 'Semantic', 'Semantic', 0),
(3, 'Part of speech', 'Part of speech', 0),
(4, 'adj', 'adj', 0),
(5, 'n', 'n', 0),
(6, 'v', 'v', 0);
DELETE FROM `cherokee_wordpress`.`wp_term_taxonomy` WHERE `wp_term_taxonomy`.`taxonomy` = "category";
INSERT INTO `wp_term_taxonomy` (`term_taxonomy_id`, `term_id`, `taxonomy`, `description`, `parent`, `count`) VALUES
(10, 2, 'category', '', 0, 0),
(11, 3, 'category', '', 0, 0),
(12, 4, 'category', '', 3, 1),
(13, 5, 'category', '', 3, 5),
(14, 6, 'category', '', 3, 4);
DELETE FROM `cherokee_wordpress`.`wp_term_relationships` WHERE `wp_term_relationships`.`object_id` > 7;
INSERT INTO `wp_term_relationships` (`object_id`, `term_taxonomy_id`, `term_order`) VALUES
(85, 12, 0),
(86, 13, 0),
(87, 1, 0),
(88, 13, 0),
(89, 13, 0),
(90, 13, 0),
(91, 14, 0),
(92, 14, 0),
(93, 13, 0);
INSERT INTO `wp_term_relationships` (`object_id`, `term_taxonomy_id`, `term_order`) VALUES
(94, 14, 0),
(95, 14, 0);
