DELETE FROM `cherokee_wordpress`.`wp_posts` WHERE `wp_posts`.`post_type` = "post";
INSERT INTO `wp_posts` (`ID`, `post_author`, `post_date`, `post_date_gmt`, `post_content`, `post_title`, `post_excerpt`, `post_status`, `comment_status`, `ping_status`, `post_password`, `post_name`, `to_ping`, `pinged`, `post_modified`, `post_modified_gmt`, `post_content_filtered`, `post_parent`, `guid`, `menu_order`, `post_type`, `post_mime_type`, `comment_count`) VALUES
(5, 1, '2010-10-15 16:24:41', '2010-10-15 21:24:41', '<table border="0" width="100%" valign="top">\r\n  <tr>\r\n<table width="100%" style="border-style: solid;border-color: red;border-width:2pt;color:red;">\r\n  <tr>\r\n    <td style="text-align:right;" class="col1data"><span class="stemhd">English entry:</span></td>\r\n    <td style="text-align:left;" class="col2data"><span class="glo">rattlesnack master, corn leaves weed</span></td>\r\n	<td class="col2data">&nbsp;</td>\r\n  </tr>\r\n  <tr>\r\n    <td style="text-align:right;" class="col1data"><span class="stemhd">Cherokee:</span></td>\r\n    <td style="text-align:left;" class="col2data"><span  class="def"></span></td>\r\n	<td class="col2data">&nbsp;</td>\r\n  </tr>\r\n  <tr>\r\n    <td style="text-align:right;" class="col1data"><span class="stemhd">Stem:</span></td>\r\n    <td style="text-align:left;" class="col2data"><span  class="stm">selugwoya</span> <span class="partsp">()</span></td>\r\n	<td class="col2data">&nbsp;</td>\r\n  </tr>\r\n</table>  \r\n  </tr>\r\n\r\n  <tr>\r\n    <td>\r\n<table border="0" width="100%">\r\n  <tr>\r\n    <td class="tableRow">\r\n<table border="0" width="100%">\r\n  <thead>\r\n    <th class="col1head">Syllabary</th>\r\n    <th class="col2head">Phonetics</th>\r\n    <th class="col2head">English</th>\r\n  </thead>\r\n\r\n</table>\r\n    </td>\r\n  </tr>\r\n\r\n  </table>\r\n  </td>\r\n  </tr>\r\n</table>\r\n', ' (selugwoya)', '', 'publish', 'open', 'open', '', 'selugwoya1.htm', '', '', '2010-10-15 16:24:41', '2010-10-15 21:24:41', '', 0, 'http://www.cnec-edu.org/wp-cherokee/wp-content/uploads/?p=5', 0, 'post', '', 0),
(6, 1, '2010-10-15 16:24:41', '2010-10-15 21:24:41', '<table border="0" width="100%" valign="top">\r\n  <tr>\r\n<table width="100%" style="border-style: solid;border-color: red;border-width:2pt;color:red;">\r\n  <tr>\r\n    <td style="text-align:right;" class="col1data"><span class="stemhd">English entry:</span></td>\r\n    <td style="text-align:left;" class="col2data"><span class="glo">greensnake (AF) corn leaves weed (CLH)</span></td>\r\n	<td class="col2data">&nbsp;</td>\r\n  </tr>\r\n  <tr>\r\n    <td style="text-align:right;" class="col1data"><span class="stemhd">Cherokee:</span></td>\r\n    <td style="text-align:left;" class="col2data"><span  class="def"></span></td>\r\n	<td class="col2data">&nbsp;</td>\r\n  </tr>\r\n  <tr>\r\n    <td style="text-align:right;" class="col1data"><span class="stemhd">Stem:</span></td>\r\n    <td style="text-align:left;" class="col2data"><span  class="stm">selagwoya</span> <span class="partsp">(n)</span></td>\r\n	<td class="col2data">&nbsp;</td>\r\n  </tr>\r\n</table>  \r\n  </tr>\r\n\r\n  <tr>\r\n    <td>\r\n<table border="0" width="100%">\r\n  <tr>\r\n    <td class="tableRow">\r\n<table border="0" width="100%">\r\n  <thead>\r\n    <th class="col1head">Syllabary</th>\r\n    <th class="col2head">Phonetics</th>\r\n    <th class="col2head">English</th>\r\n  </thead>\r\n<!-- Example-tpl.htm - snippet for additional examples -->\r\n  <tr>\r\n    <td class="col1data">\r\n<span class="syll"></span>\r\n	</td>\r\n    <td class="col2data">\r\n<span class="exam"></span>\r\n    </td>\r\n    <td class="col2data">\r\n<span class="tran">It''s difficult to see a green snake in the grass.</span>\r\n    </td>\r\n  </tr>\r\n\r\n</table>\r\n    </td>\r\n  </tr>\r\n\r\n  </table>\r\n  </td>\r\n  </tr>\r\n</table>\r\n', ' (selagwoya)', '', 'publish', 'open', 'open', '', 'selagwoya1.htm', '', '', '2010-10-15 16:24:41', '2010-10-15 21:24:41', '', 0, 'http://www.cnec-edu.org/wp-cherokee/wp-content/uploads/?p=6', 0, 'post', '', 0),
(7, 1, '2010-10-15 16:24:41', '2010-10-15 21:24:41', '<table border="0" width="100%" valign="top">\r\n  <tr>\r\n<table width="100%" style="border-style: solid;border-color: red;border-width:2pt;color:red;">\r\n  <tr>\r\n    <td style="text-align:right;" class="col1data"><span class="stemhd">English entry:</span></td>\r\n    <td style="text-align:left;" class="col2data"><span class="glo">to cause to leave??</span></td>\r\n	<td class="col2data">&nbsp;</td>\r\n  </tr>\r\n  <tr>\r\n    <td style="text-align:right;" class="col1data"><span class="stemhd">Cherokee:</span></td>\r\n    <td style="text-align:left;" class="col2data"><span  class="def"></span></td>\r\n	<td class="col2data">&nbsp;</td>\r\n  </tr>\r\n  <tr>\r\n    <td style="text-align:right;" class="col1data"><span class="stemhd">Stem:</span></td>\r\n    <td style="text-align:left;" class="col2data"><span  class="stm">nugohwis</span> <span class="partsp">()</span></td>\r\n	<td class="col2data">&nbsp;</td>\r\n  </tr>\r\n</table>  \r\n  </tr>\r\n\r\n  <tr>\r\n    <td>\r\n<table border="0" width="100%">\r\n  <tr>\r\n    <td class="tableRow">\r\n<table border="0" width="100%">\r\n  <thead>\r\n    <th class="col1head">Syllabary</th>\r\n    <th class="col2head">Phonetics</th>\r\n    <th class="col2head">English</th>\r\n  </thead>\r\n\r\n</table>\r\n    </td>\r\n  </tr>\r\n<!-- SubEntry-tpl.htm - snippet for each subentry -->\r\n  <tr>\r\n    <td class="tableRowCMP">\r\n<table border="0" width="100%">\r\n  <thead>\r\n    <th class="col1head">Completive</th>\r\n    <th class="col2head">&nbsp;</th>\r\n    <th class="col2head">&nbsp;</th>\r\n  </thead>\r\n  <tr>\r\n    <td class="col1data">\r\n<span class="syll"></span>\r\n    </td>\r\n    <td class="col2data">\r\n<span class="exam"></span>\r\n    </td>\r\n    <td class="col2data">\r\n<span class="tran">When you''re release from jail you have a payment bond.</span>\r\n    </td>\r\n  </tr>\r\n\r\n</table>\r\n    </td>\r\n  </tr>\r\n\r\n  </table>\r\n  </td>\r\n  </tr>\r\n</table>\r\n', ' (nugohwis)', '', 'publish', 'open', 'open', '', 'nugohwis1.htm', '', '', '2010-10-15 16:24:41', '2010-10-15 21:24:41', '', 0, 'http://www.cnec-edu.org/wp-cherokee/wp-content/uploads/?p=7', 0, 'post', '', 0),
(8, 1, '2010-10-15 16:24:41', '2010-10-15 21:24:41', '<table border="0" width="100%" valign="top">\r\n  <tr>\r\n<table width="100%" style="border-style: solid;border-color: red;border-width:2pt;color:red;">\r\n  <tr>\r\n    <td style="text-align:right;" class="col1data"><span class="stemhd">English entry:</span></td>\r\n    <td style="text-align:left;" class="col2data"><span class="glo">to leave alone</span></td>\r\n	<td class="col2data">&nbsp;</td>\r\n  </tr>\r\n  <tr>\r\n    <td style="text-align:right;" class="col1data"><span class="stemhd">Cherokee:</span></td>\r\n    <td style="text-align:left;" class="col2data"><span  class="def"></span></td>\r\n	<td class="col2data">&nbsp;</td>\r\n  </tr>\r\n  <tr>\r\n    <td style="text-align:right;" class="col1data"><span class="stemhd">Stem:</span></td>\r\n    <td style="text-align:left;" class="col2data"><span  class="stm">nelvga</span> <span class="partsp">(v)</span></td>\r\n	<td class="col2data">&nbsp;</td>\r\n  </tr>\r\n</table>  \r\n  </tr>\r\n\r\n  <tr>\r\n    <td>\r\n<table border="0" width="100%">\r\n  <tr>\r\n    <td class="tableRow">\r\n<table border="0" width="100%">\r\n  <thead>\r\n    <th class="col1head">Syllabary</th>\r\n    <th class="col2head">Phonetics</th>\r\n    <th class="col2head">English</th>\r\n  </thead>\r\n\r\n</table>\r\n    </td>\r\n  </tr>\r\n<!-- SubEntry-tpl.htm - snippet for each subentry -->\r\n  <tr>\r\n    <td class="tableRowPRC">\r\n<table border="0" width="100%">\r\n  <thead>\r\n    <th class="col1head">Present Continuous</th>\r\n    <th class="col2head">&nbsp;</th>\r\n    <th class="col2head">&nbsp;</th>\r\n  </thead>\r\n  <tr>\r\n    <td class="col1data">\r\n<span class="syll"></span>\r\n    </td>\r\n    <td class="col2data">\r\n<span class="exam">uùneélvɡawu ahíída uudloohisdííha</span>\r\n    </td>\r\n    <td class="col2data">\r\n<span class="tran">he''s prone to cry if you leave him alone</span>\r\n    </td>\r\n  </tr>\r\n\r\n</table>\r\n    </td>\r\n  </tr>\r\n<!-- SubEntry-tpl.htm - snippet for each subentry -->\r\n  <tr>\r\n    <td class="tableRowINC">\r\n<table border="0" width="100%">\r\n  <thead>\r\n    <th class="col1head">Incompletive</th>\r\n    <th class="col2head">&nbsp;</th>\r\n    <th class="col2head">&nbsp;</th>\r\n  </thead>\r\n  <tr>\r\n    <td class="col1data">\r\n<span class="syll"></span>\r\n    </td>\r\n    <td class="col2data">\r\n<span class="exam"></span>\r\n    </td>\r\n    <td class="col2data">\r\n<span class="tran"></span>\r\n    </td>\r\n  </tr>\r\n\r\n</table>\r\n    </td>\r\n  </tr>\r\n<!-- SubEntry-tpl.htm - snippet for each subentry -->\r\n  <tr>\r\n    <td class="tableRowIMM">\r\n<table border="0" width="100%">\r\n  <thead>\r\n    <th class="col1head">Immediate</th>\r\n    <th class="col2head">&nbsp;</th>\r\n    <th class="col2head">&nbsp;</th>\r\n  </thead>\r\n  <tr>\r\n    <td class="col1data">\r\n<span class="syll"></span>\r\n    </td>\r\n    <td class="col2data">\r\n<span class="exam"></span>\r\n    </td>\r\n    <td class="col2data">\r\n<span class="tran"></span>\r\n    </td>\r\n  </tr>\r\n\r\n</table>\r\n    </td>\r\n  </tr>\r\n<!-- SubEntry-tpl.htm - snippet for each subentry -->\r\n  <tr>\r\n    <td class="tableRowCMP">\r\n<table border="0" width="100%">\r\n  <thead>\r\n    <th class="col1head">Completive</th>\r\n    <th class="col2head">&nbsp;</th>\r\n    <th class="col2head">&nbsp;</th>\r\n  </thead>\r\n  <tr>\r\n    <td class="col1data">\r\n<span class="syll"></span>\r\n    </td>\r\n    <td class="col2data">\r\n<span class="exam"></span>\r\n    </td>\r\n    <td class="col2data">\r\n<span class="tran"></span>\r\n    </td>\r\n  </tr>\r\n\r\n</table>\r\n    </td>\r\n  </tr>\r\n<!-- SubEntry-tpl.htm - snippet for each subentry -->\r\n  <tr>\r\n    <td class="tableRowDVN">\r\n<table border="0" width="100%">\r\n  <thead>\r\n    <th class="col1head">Deverbal Noun</th>\r\n    <th class="col2head">&nbsp;</th>\r\n    <th class="col2head">&nbsp;</th>\r\n  </thead>\r\n  <tr>\r\n    <td class="col1data">\r\n<span class="syll"></span>\r\n    </td>\r\n    <td class="col2data">\r\n<span class="exam"></span>\r\n    </td>\r\n    <td class="col2data">\r\n<span class="tran"></span>\r\n    </td>\r\n  </tr>\r\n\r\n</table>\r\n    </td>\r\n  </tr>\r\n\r\n  </table>\r\n  </td>\r\n  </tr>\r\n</table>\r\n', ' (nelvga)', '', 'publish', 'open', 'open', '', 'nelvga1.htm', '', '', '2010-10-15 16:24:41', '2010-10-15 21:24:41', '', 0, 'http://www.cnec-edu.org/wp-cherokee/wp-content/uploads/?p=8', 0, 'post', '', 0),
(9, 1, '2010-10-15 16:24:41', '2010-10-15 21:24:41', '<table border="0" width="100%" valign="top">\r\n  <tr>\r\n<table width="100%" style="border-style: solid;border-color: red;border-width:2pt;color:red;">\r\n  <tr>\r\n    <td style="text-align:right;" class="col1data"><span class="stemhd">English entry:</span></td>\r\n    <td style="text-align:left;" class="col2data"><span class="glo">to leave (liquid0 (DF)</span></td>\r\n	<td class="col2data">&nbsp;</td>\r\n  </tr>\r\n  <tr>\r\n    <td style="text-align:right;" class="col1data"><span class="stemhd">Cherokee:</span></td>\r\n    <td style="text-align:left;" class="col2data"><span  class="def"></span></td>\r\n	<td class="col2data">&nbsp;</td>\r\n  </tr>\r\n  <tr>\r\n    <td style="text-align:right;" class="col1data"><span class="stemhd">Stem:</span></td>\r\n    <td style="text-align:left;" class="col2data"><span  class="stm">nehiya''a</span> <span class="partsp">(v)</span></td>\r\n	<td class="col2data">&nbsp;</td>\r\n  </tr>\r\n</table>  \r\n  </tr>\r\n\r\n  <tr>\r\n    <td>\r\n<table border="0" width="100%">\r\n  <tr>\r\n    <td class="tableRow">\r\n<table border="0" width="100%">\r\n  <thead>\r\n    <th class="col1head">Syllabary</th>\r\n    <th class="col2head">Phonetics</th>\r\n    <th class="col2head">English</th>\r\n  </thead>\r\n\r\n</table>\r\n    </td>\r\n  </tr>\r\n<!-- SubEntry-tpl.htm - snippet for each subentry -->\r\n  <tr>\r\n    <td class="tableRowPRC">\r\n<table border="0" width="100%">\r\n  <thead>\r\n    <th class="col1head">Present Continuous</th>\r\n    <th class="col2head">&nbsp;</th>\r\n    <th class="col2head">&nbsp;</th>\r\n  </thead>\r\n  <tr>\r\n    <td class="col1data">\r\n<span class="syll"></span>\r\n    </td>\r\n    <td class="col2data">\r\n<span class="exam"></span>\r\n    </td>\r\n    <td class="col2data">\r\n<span class="tran"></span>\r\n    </td>\r\n  </tr>\r\n\r\n</table>\r\n    </td>\r\n  </tr>\r\n<!-- SubEntry-tpl.htm - snippet for each subentry -->\r\n  <tr>\r\n    <td class="tableRowINC">\r\n<table border="0" width="100%">\r\n  <thead>\r\n    <th class="col1head">Incompletive</th>\r\n    <th class="col2head">&nbsp;</th>\r\n    <th class="col2head">&nbsp;</th>\r\n  </thead>\r\n  <tr>\r\n    <td class="col1data">\r\n<span class="syll"></span>\r\n    </td>\r\n    <td class="col2data">\r\n<span class="exam"></span>\r\n    </td>\r\n    <td class="col2data">\r\n<span class="tran"></span>\r\n    </td>\r\n  </tr>\r\n\r\n</table>\r\n    </td>\r\n  </tr>\r\n<!-- SubEntry-tpl.htm - snippet for each subentry -->\r\n  <tr>\r\n    <td class="tableRowIMM">\r\n<table border="0" width="100%">\r\n  <thead>\r\n    <th class="col1head">Immediate</th>\r\n    <th class="col2head">&nbsp;</th>\r\n    <th class="col2head">&nbsp;</th>\r\n  </thead>\r\n  <tr>\r\n    <td class="col1data">\r\n<span class="syll"></span>\r\n    </td>\r\n    <td class="col2data">\r\n<span class="exam"></span>\r\n    </td>\r\n    <td class="col2data">\r\n<span class="tran"></span>\r\n    </td>\r\n  </tr>\r\n\r\n</table>\r\n    </td>\r\n  </tr>\r\n<!-- SubEntry-tpl.htm - snippet for each subentry -->\r\n  <tr>\r\n    <td class="tableRowCMP">\r\n<table border="0" width="100%">\r\n  <thead>\r\n    <th class="col1head">Completive</th>\r\n    <th class="col2head">&nbsp;</th>\r\n    <th class="col2head">&nbsp;</th>\r\n  </thead>\r\n  <tr>\r\n    <td class="col1data">\r\n<span class="syll"></span>\r\n    </td>\r\n    <td class="col2data">\r\n<span class="exam"></span>\r\n    </td>\r\n    <td class="col2data">\r\n<span class="tran">How much milk did you leave?</span>\r\n    </td>\r\n  </tr>\r\n\r\n</table>\r\n    </td>\r\n  </tr>\r\n<!-- SubEntry-tpl.htm - snippet for each subentry -->\r\n  <tr>\r\n    <td class="tableRowDVN">\r\n<table border="0" width="100%">\r\n  <thead>\r\n    <th class="col1head">Deverbal Noun</th>\r\n    <th class="col2head">&nbsp;</th>\r\n    <th class="col2head">&nbsp;</th>\r\n  </thead>\r\n  <tr>\r\n    <td class="col1data">\r\n<span class="syll"></span>\r\n    </td>\r\n    <td class="col2data">\r\n<span class="exam"></span>\r\n    </td>\r\n    <td class="col2data">\r\n<span class="tran"></span>\r\n    </td>\r\n  </tr>\r\n\r\n</table>\r\n    </td>\r\n  </tr>\r\n\r\n  </table>\r\n  </td>\r\n  </tr>\r\n</table>\r\n', ' (nehiya''a)', '', 'publish', 'open', 'open', '', 'nehiyaa1.htm', '', '', '2010-10-15 16:24:41', '2010-10-15 21:24:41', '', 0, 'http://www.cnec-edu.org/wp-cherokee/wp-content/uploads/?p=9', 0, 'post', '', 0),
(10, 1, '2010-10-15 16:24:41', '2010-10-15 21:24:41', '<table border="0" width="100%" valign="top">\r\n  <tr>\r\n<table width="100%" style="border-style: solid;border-color: red;border-width:2pt;color:red;">\r\n  <tr>\r\n    <td style="text-align:right;" class="col1data"><span class="stemhd">English entry:</span></td>\r\n    <td style="text-align:left;" class="col2data"><span class="glo">to leave</span></td>\r\n	<td class="col2data">&nbsp;</td>\r\n  </tr>\r\n  <tr>\r\n    <td style="text-align:right;" class="col1data"><span class="stemhd">Cherokee:</span></td>\r\n    <td style="text-align:left;" class="col2data"><span  class="def"></span></td>\r\n	<td class="col2data">&nbsp;</td>\r\n  </tr>\r\n  <tr>\r\n    <td style="text-align:right;" class="col1data"><span class="stemhd">Stem:</span></td>\r\n    <td style="text-align:left;" class="col2data"><span  class="stm">nanig</span> <span class="partsp">(v)</span></td>\r\n	<td class="col2data">&nbsp;</td>\r\n  </tr>\r\n</table>  \r\n  </tr>\r\n\r\n  <tr>\r\n    <td>\r\n<table border="0" width="100%">\r\n  <tr>\r\n    <td class="tableRow">\r\n<table border="0" width="100%">\r\n  <thead>\r\n    <th class="col1head">Syllabary</th>\r\n    <th class="col2head">Phonetics</th>\r\n    <th class="col2head">English</th>\r\n  </thead>\r\n\r\n</table>\r\n    </td>\r\n  </tr>\r\n<!-- SubEntry-tpl.htm - snippet for each subentry -->\r\n  <tr>\r\n    <td class="tableRowPRC">\r\n<table border="0" width="100%">\r\n  <thead>\r\n    <th class="col1head">Present Continuous</th>\r\n    <th class="col2head">&nbsp;</th>\r\n    <th class="col2head">&nbsp;</th>\r\n  </thead>\r\n  <tr>\r\n    <td class="col1data">\r\n<span class="syll"></span>\r\n    </td>\r\n    <td class="col2data">\r\n<span class="exam"></span>\r\n    </td>\r\n    <td class="col2data">\r\n<span class="tran"></span>\r\n    </td>\r\n  </tr>\r\n\r\n</table>\r\n    </td>\r\n  </tr>\r\n<!-- SubEntry-tpl.htm - snippet for each subentry -->\r\n  <tr>\r\n    <td class="tableRowINC">\r\n<table border="0" width="100%">\r\n  <thead>\r\n    <th class="col1head">Incompletive</th>\r\n    <th class="col2head">&nbsp;</th>\r\n    <th class="col2head">&nbsp;</th>\r\n  </thead>\r\n  <tr>\r\n    <td class="col1data">\r\n<span class="syll"></span>\r\n    </td>\r\n    <td class="col2data">\r\n<span class="exam"></span>\r\n    </td>\r\n    <td class="col2data">\r\n<span class="tran"></span>\r\n    </td>\r\n  </tr>\r\n\r\n</table>\r\n    </td>\r\n  </tr>\r\n<!-- SubEntry-tpl.htm - snippet for each subentry -->\r\n  <tr>\r\n    <td class="tableRowIMM">\r\n<table border="0" width="100%">\r\n  <thead>\r\n    <th class="col1head">Immediate</th>\r\n    <th class="col2head">&nbsp;</th>\r\n    <th class="col2head">&nbsp;</th>\r\n  </thead>\r\n  <tr>\r\n    <td class="col1data">\r\n<span class="syll"></span>\r\n    </td>\r\n    <td class="col2data">\r\n<span class="exam"></span>\r\n    </td>\r\n    <td class="col2data">\r\n<span class="tran"></span>\r\n    </td>\r\n  </tr>\r\n\r\n</table>\r\n    </td>\r\n  </tr>\r\n<!-- SubEntry-tpl.htm - snippet for each subentry -->\r\n  <tr>\r\n    <td class="tableRowCMP">\r\n<table border="0" width="100%">\r\n  <thead>\r\n    <th class="col1head">Completive</th>\r\n    <th class="col2head">&nbsp;</th>\r\n    <th class="col2head">&nbsp;</th>\r\n  </thead>\r\n  <tr>\r\n    <td class="col1data">\r\n<span class="syll"></span>\r\n    </td>\r\n    <td class="col2data">\r\n<span class="exam"></span>\r\n    </td>\r\n    <td class="col2data">\r\n<span class="tran"></span>\r\n    </td>\r\n  </tr>\r\n\r\n</table>\r\n    </td>\r\n  </tr>\r\n<!-- SubEntry-tpl.htm - snippet for each subentry -->\r\n  <tr>\r\n    <td class="tableRowDVN">\r\n<table border="0" width="100%">\r\n  <thead>\r\n    <th class="col1head">Deverbal Noun</th>\r\n    <th class="col2head">&nbsp;</th>\r\n    <th class="col2head">&nbsp;</th>\r\n  </thead>\r\n  <tr>\r\n    <td class="col1data">\r\n<span class="syll"></span>\r\n    </td>\r\n    <td class="col2data">\r\n<span class="exam"></span>\r\n    </td>\r\n    <td class="col2data">\r\n<span class="tran"></span>\r\n    </td>\r\n  </tr>\r\n\r\n</table>\r\n    </td>\r\n  </tr>\r\n\r\n  </table>\r\n  </td>\r\n  </tr>\r\n</table>\r\n', ' (nanig)', '', 'publish', 'open', 'open', '', 'nanig1.htm', '', '', '2010-10-15 16:24:41', '2010-10-15 21:24:41', '', 0, 'http://www.cnec-edu.org/wp-cherokee/wp-content/uploads/?p=10', 0, 'post', '', 0),
(11, 1, '2010-10-15 16:24:41', '2010-10-15 21:24:41', '<table border="0" width="100%" valign="top">\r\n  <tr>\r\n<table width="100%" style="border-style: solid;border-color: red;border-width:2pt;color:red;">\r\n  <tr>\r\n    <td style="text-align:right;" class="col1data"><span class="stemhd">English entry:</span></td>\r\n    <td style="text-align:left;" class="col2data"><span class="glo">heart leave (CLH)</span></td>\r\n	<td class="col2data">&nbsp;</td>\r\n  </tr>\r\n  <tr>\r\n    <td style="text-align:right;" class="col1data"><span class="stemhd">Cherokee:</span></td>\r\n    <td style="text-align:left;" class="col2data"><span  class="def"></span></td>\r\n	<td class="col2data">&nbsp;</td>\r\n  </tr>\r\n  <tr>\r\n    <td style="text-align:right;" class="col1data"><span class="stemhd">Stem:</span></td>\r\n    <td style="text-align:left;" class="col2data"><span  class="stm">junahwi jugaloga</span> <span class="partsp">(n)</span></td>\r\n	<td class="col2data">&nbsp;</td>\r\n  </tr>\r\n</table>  \r\n  </tr>\r\n\r\n  <tr>\r\n    <td>\r\n<table border="0" width="100%">\r\n  <tr>\r\n    <td class="tableRow">\r\n<table border="0" width="100%">\r\n  <thead>\r\n    <th class="col1head">Syllabary</th>\r\n    <th class="col2head">Phonetics</th>\r\n    <th class="col2head">English</th>\r\n  </thead>\r\n\r\n</table>\r\n    </td>\r\n  </tr>\r\n\r\n  </table>\r\n  </td>\r\n  </tr>\r\n</table>\r\n', ' (junahwi jugaloga)', '', 'publish', 'open', 'open', '', 'junahwijugaloga1.htm', '', '', '2010-10-15 16:24:41', '2010-10-15 21:24:41', '', 0, 'http://www.cnec-edu.org/wp-cherokee/wp-content/uploads/?p=11', 0, 'post', '', 0),
(12, 1, '2010-10-15 16:24:41', '2010-10-15 21:24:41', '<table border="0" width="100%" valign="top">\r\n  <tr>\r\n<table width="100%" style="border-style: solid;border-color: red;border-width:2pt;color:red;">\r\n  <tr>\r\n    <td style="text-align:right;" class="col1data"><span class="stemhd">English entry:</span></td>\r\n    <td style="text-align:left;" class="col2data"><span class="glo">tobacco leaves (CLH)</span></td>\r\n	<td class="col2data">&nbsp;</td>\r\n  </tr>\r\n  <tr>\r\n    <td style="text-align:right;" class="col1data"><span class="stemhd">Cherokee:</span></td>\r\n    <td style="text-align:left;" class="col2data"><span  class="def"></span></td>\r\n	<td class="col2data">&nbsp;</td>\r\n  </tr>\r\n  <tr>\r\n    <td style="text-align:right;" class="col1data"><span class="stemhd">Stem:</span></td>\r\n    <td style="text-align:left;" class="col2data"><span  class="stm">jola iyusdi</span> <span class="partsp">(n)</span></td>\r\n	<td class="col2data">&nbsp;</td>\r\n  </tr>\r\n</table>  \r\n  </tr>\r\n\r\n  <tr>\r\n    <td>\r\n<table border="0" width="100%">\r\n  <tr>\r\n    <td class="tableRow">\r\n<table border="0" width="100%">\r\n  <thead>\r\n    <th class="col1head">Syllabary</th>\r\n    <th class="col2head">Phonetics</th>\r\n    <th class="col2head">English</th>\r\n  </thead>\r\n<!-- Example-tpl.htm - snippet for additional examples -->\r\n  <tr>\r\n    <td class="col1data">\r\n<span class="syll">ᏦᎳ ᎢᏳᏍᏗ ᎬᏙᏗ ᎤᎸᏓ ᏳᏓᏠᏣ.</span>\r\n	</td>\r\n    <td class="col2data">\r\n<span class="exam"></span>\r\n    </td>\r\n    <td class="col2data">\r\n<span class="tran">You use tobacco leaves when you catch poison ivy.</span>\r\n    </td>\r\n  </tr>\r\n\r\n</table>\r\n    </td>\r\n  </tr>\r\n\r\n  </table>\r\n  </td>\r\n  </tr>\r\n</table>\r\n', ' (jola iyusdi)', '', 'publish', 'open', 'open', '', 'jolaiyusdi1.htm', '', '', '2010-10-15 16:24:41', '2010-10-15 21:24:41', '', 0, 'http://www.cnec-edu.org/wp-cherokee/wp-content/uploads/?p=12', 0, 'post', '', 0),
(13, 1, '2010-10-15 16:24:41', '2010-10-15 21:24:41', '<table border="0" width="100%" valign="top">\r\n  <tr>\r\n<table width="100%" style="border-style: solid;border-color: red;border-width:2pt;color:red;">\r\n  <tr>\r\n    <td style="text-align:right;" class="col1data"><span class="stemhd">English entry:</span></td>\r\n    <td style="text-align:left;" class="col2data"><span class="glo">to leave (DF)</span></td>\r\n	<td class="col2data">&nbsp;</td>\r\n  </tr>\r\n  <tr>\r\n    <td style="text-align:right;" class="col1data"><span class="stemhd">Cherokee:</span></td>\r\n    <td style="text-align:left;" class="col2data"><span  class="def"></span></td>\r\n	<td class="col2data">&nbsp;</td>\r\n  </tr>\r\n  <tr>\r\n    <td style="text-align:right;" class="col1data"><span class="stemhd">Stem:</span></td>\r\n    <td style="text-align:left;" class="col2data"><span  class="stm">hnela''da...</span> <span class="partsp">(v)</span></td>\r\n	<td class="col2data">&nbsp;</td>\r\n  </tr>\r\n</table>  \r\n  </tr>\r\n\r\n  <tr>\r\n    <td>\r\n<table border="0" width="100%">\r\n  <tr>\r\n    <td class="tableRow">\r\n<table border="0" width="100%">\r\n  <thead>\r\n    <th class="col1head">Syllabary</th>\r\n    <th class="col2head">Phonetics</th>\r\n    <th class="col2head">English</th>\r\n  </thead>\r\n\r\n</table>\r\n    </td>\r\n  </tr>\r\n<!-- SubEntry-tpl.htm - snippet for each subentry -->\r\n  <tr>\r\n    <td class="tableRowPRC">\r\n<table border="0" width="100%">\r\n  <thead>\r\n    <th class="col1head">Present Continuous</th>\r\n    <th class="col2head">&nbsp;</th>\r\n    <th class="col2head">&nbsp;</th>\r\n  </thead>\r\n  <tr>\r\n    <td class="col1data">\r\n<span class="syll"></span>\r\n    </td>\r\n    <td class="col2data">\r\n<span class="exam"></span>\r\n    </td>\r\n    <td class="col2data">\r\n<span class="tran"></span>\r\n    </td>\r\n  </tr>\r\n\r\n</table>\r\n    </td>\r\n  </tr>\r\n<!-- SubEntry-tpl.htm - snippet for each subentry -->\r\n  <tr>\r\n    <td class="tableRowINC">\r\n<table border="0" width="100%">\r\n  <thead>\r\n    <th class="col1head">Incompletive</th>\r\n    <th class="col2head">&nbsp;</th>\r\n    <th class="col2head">&nbsp;</th>\r\n  </thead>\r\n  <tr>\r\n    <td class="col1data">\r\n<span class="syll"></span>\r\n    </td>\r\n    <td class="col2data">\r\n<span class="exam"></span>\r\n    </td>\r\n    <td class="col2data">\r\n<span class="tran"></span>\r\n    </td>\r\n  </tr>\r\n\r\n</table>\r\n    </td>\r\n  </tr>\r\n<!-- SubEntry-tpl.htm - snippet for each subentry -->\r\n  <tr>\r\n    <td class="tableRowIMM">\r\n<table border="0" width="100%">\r\n  <thead>\r\n    <th class="col1head">Immediate</th>\r\n    <th class="col2head">&nbsp;</th>\r\n    <th class="col2head">&nbsp;</th>\r\n  </thead>\r\n  <tr>\r\n    <td class="col1data">\r\n<span class="syll"></span>\r\n    </td>\r\n    <td class="col2data">\r\n<span class="exam"></span>\r\n    </td>\r\n    <td class="col2data">\r\n<span class="tran">It was lonesome when she left.</span>\r\n    </td>\r\n  </tr>\r\n\r\n</table>\r\n    </td>\r\n  </tr>\r\n<!-- SubEntry-tpl.htm - snippet for each subentry -->\r\n  <tr>\r\n    <td class="tableRowCMP">\r\n<table border="0" width="100%">\r\n  <thead>\r\n    <th class="col1head">Completive</th>\r\n    <th class="col2head">&nbsp;</th>\r\n    <th class="col2head">&nbsp;</th>\r\n  </thead>\r\n  <tr>\r\n    <td class="col1data">\r\n<span class="syll"></span>\r\n    </td>\r\n    <td class="col2data">\r\n<span class="exam"></span>\r\n    </td>\r\n    <td class="col2data">\r\n<span class="tran"></span>\r\n    </td>\r\n  </tr>\r\n\r\n</table>\r\n    </td>\r\n  </tr>\r\n<!-- SubEntry-tpl.htm - snippet for each subentry -->\r\n  <tr>\r\n    <td class="tableRowDVN">\r\n<table border="0" width="100%">\r\n  <thead>\r\n    <th class="col1head">Deverbal Noun</th>\r\n    <th class="col2head">&nbsp;</th>\r\n    <th class="col2head">&nbsp;</th>\r\n  </thead>\r\n  <tr>\r\n    <td class="col1data">\r\n<span class="syll"></span>\r\n    </td>\r\n    <td class="col2data">\r\n<span class="exam"></span>\r\n    </td>\r\n    <td class="col2data">\r\n<span class="tran"></span>\r\n    </td>\r\n  </tr>\r\n\r\n</table>\r\n    </td>\r\n  </tr>\r\n\r\n  </table>\r\n  </td>\r\n  </tr>\r\n</table>\r\n', ' (hnela''da...)', '', 'publish', 'open', 'open', '', 'hnelada1.htm', '', '', '2010-10-15 16:24:41', '2010-10-15 21:24:41', '', 0, 'http://www.cnec-edu.org/wp-cherokee/wp-content/uploads/?p=13', 0, 'post', '', 0);
INSERT INTO `wp_posts` (`ID`, `post_author`, `post_date`, `post_date_gmt`, `post_content`, `post_title`, `post_excerpt`, `post_status`, `comment_status`, `ping_status`, `post_password`, `post_name`, `to_ping`, `pinged`, `post_modified`, `post_modified_gmt`, `post_content_filtered`, `post_parent`, `guid`, `menu_order`, `post_type`, `post_mime_type`, `comment_count`) VALUES
(14, 1, '2010-10-15 16:24:41', '2010-10-15 21:24:41', '<table border="0" width="100%" valign="top">\r\n  <tr>\r\n<table width="100%" style="border-style: solid;border-color: red;border-width:2pt;color:red;">\r\n  <tr>\r\n    <td style="text-align:right;" class="col1data"><span class="stemhd">English entry:</span></td>\r\n    <td style="text-align:left;" class="col2data"><span class="glo">to leave behind</span></td>\r\n	<td class="col2data">&nbsp;</td>\r\n  </tr>\r\n  <tr>\r\n    <td style="text-align:right;" class="col1data"><span class="stemhd">Cherokee:</span></td>\r\n    <td style="text-align:left;" class="col2data"><span  class="def"></span></td>\r\n	<td class="col2data">&nbsp;</td>\r\n  </tr>\r\n  <tr>\r\n    <td style="text-align:right;" class="col1data"><span class="stemhd">Stem:</span></td>\r\n    <td style="text-align:left;" class="col2data"><span  class="stm">hiyvhnv...</span> <span class="partsp">()</span></td>\r\n	<td class="col2data">&nbsp;</td>\r\n  </tr>\r\n</table>  \r\n  </tr>\r\n\r\n  <tr>\r\n    <td>\r\n<table border="0" width="100%">\r\n  <tr>\r\n    <td class="tableRow">\r\n<table border="0" width="100%">\r\n  <thead>\r\n    <th class="col1head">Syllabary</th>\r\n    <th class="col2head">Phonetics</th>\r\n    <th class="col2head">English</th>\r\n  </thead>\r\n\r\n</table>\r\n    </td>\r\n  </tr>\r\n<!-- SubEntry-tpl.htm - snippet for each subentry -->\r\n  <tr>\r\n    <td class="tableRowPRC">\r\n<table border="0" width="100%">\r\n  <thead>\r\n    <th class="col1head">Present Continuous</th>\r\n    <th class="col2head">&nbsp;</th>\r\n    <th class="col2head">&nbsp;</th>\r\n  </thead>\r\n  <tr>\r\n    <td class="col1data">\r\n<span class="syll"></span>\r\n    </td>\r\n    <td class="col2data">\r\n<span class="exam"></span>\r\n    </td>\r\n    <td class="col2data">\r\n<span class="tran"></span>\r\n    </td>\r\n  </tr>\r\n\r\n</table>\r\n    </td>\r\n  </tr>\r\n<!-- SubEntry-tpl.htm - snippet for each subentry -->\r\n  <tr>\r\n    <td class="tableRowINC">\r\n<table border="0" width="100%">\r\n  <thead>\r\n    <th class="col1head">Incompletive</th>\r\n    <th class="col2head">&nbsp;</th>\r\n    <th class="col2head">&nbsp;</th>\r\n  </thead>\r\n  <tr>\r\n    <td class="col1data">\r\n<span class="syll"></span>\r\n    </td>\r\n    <td class="col2data">\r\n<span class="exam"></span>\r\n    </td>\r\n    <td class="col2data">\r\n<span class="tran"></span>\r\n    </td>\r\n  </tr>\r\n\r\n</table>\r\n    </td>\r\n  </tr>\r\n<!-- SubEntry-tpl.htm - snippet for each subentry -->\r\n  <tr>\r\n    <td class="tableRowIMM">\r\n<table border="0" width="100%">\r\n  <thead>\r\n    <th class="col1head">Immediate</th>\r\n    <th class="col2head">&nbsp;</th>\r\n    <th class="col2head">&nbsp;</th>\r\n  </thead>\r\n  <tr>\r\n    <td class="col1data">\r\n<span class="syll"></span>\r\n    </td>\r\n    <td class="col2data">\r\n<span class="exam"></span>\r\n    </td>\r\n    <td class="col2data">\r\n<span class="tran"></span>\r\n    </td>\r\n  </tr>\r\n\r\n</table>\r\n    </td>\r\n  </tr>\r\n<!-- SubEntry-tpl.htm - snippet for each subentry -->\r\n  <tr>\r\n    <td class="tableRowCMP">\r\n<table border="0" width="100%">\r\n  <thead>\r\n    <th class="col1head">Completive</th>\r\n    <th class="col2head">&nbsp;</th>\r\n    <th class="col2head">&nbsp;</th>\r\n  </thead>\r\n  <tr>\r\n    <td class="col1data">\r\n<span class="syll">ᎡᏥ ᎤᎯᏴᏅ ᏫᏅᏍᎦᏢᎦ.</span>\r\n    </td>\r\n    <td class="col2data">\r\n<span class="exam"></span>\r\n    </td>\r\n    <td class="col2data">\r\n<span class="tran">Let''s go hide what mother left behind.</span>\r\n    </td>\r\n  </tr>\r\n\r\n</table>\r\n    </td>\r\n  </tr>\r\n<!-- SubEntry-tpl.htm - snippet for each subentry -->\r\n  <tr>\r\n    <td class="tableRowDVN">\r\n<table border="0" width="100%">\r\n  <thead>\r\n    <th class="col1head">Deverbal Noun</th>\r\n    <th class="col2head">&nbsp;</th>\r\n    <th class="col2head">&nbsp;</th>\r\n  </thead>\r\n  <tr>\r\n    <td class="col1data">\r\n<span class="syll"></span>\r\n    </td>\r\n    <td class="col2data">\r\n<span class="exam"></span>\r\n    </td>\r\n    <td class="col2data">\r\n<span class="tran"></span>\r\n    </td>\r\n  </tr>\r\n\r\n</table>\r\n    </td>\r\n  </tr>\r\n\r\n  </table>\r\n  </td>\r\n  </tr>\r\n</table>\r\n', ' (hiyvhnv...)', '', 'publish', 'open', 'open', '', 'hiyvhnv1.htm', '', '', '2010-10-15 16:24:41', '2010-10-15 21:24:41', '', 0, 'http://www.cnec-edu.org/wp-cherokee/wp-content/uploads/?p=14', 0, 'post', '', 0),
(15, 1, '2010-10-15 16:24:41', '2010-10-15 21:24:41', '<table border="0" width="100%" valign="top">\r\n  <tr>\r\n<table width="100%" style="border-style: solid;border-color: red;border-width:2pt;color:red;">\r\n  <tr>\r\n    <td style="text-align:right;" class="col1data"><span class="stemhd">English entry:</span></td>\r\n    <td style="text-align:left;" class="col2data"><span class="glo">to leave behind</span></td>\r\n	<td class="col2data">&nbsp;</td>\r\n  </tr>\r\n  <tr>\r\n    <td style="text-align:right;" class="col1data"><span class="stemhd">Cherokee:</span></td>\r\n    <td style="text-align:left;" class="col2data"><span  class="def">aàhiiyáʔa </span></td>\r\n	<td class="col2data">&nbsp;</td>\r\n  </tr>\r\n  <tr>\r\n    <td style="text-align:right;" class="col1data"><span class="stemhd">Stem:</span></td>\r\n    <td style="text-align:left;" class="col2data"><span  class="stm">hiya?a</span> <span class="partsp">(v)</span></td>\r\n	<td class="col2data">&nbsp;</td>\r\n  </tr>\r\n</table>  \r\n  </tr>\r\n\r\n  <tr>\r\n    <td>\r\n<table border="0" width="100%">\r\n  <tr>\r\n    <td class="tableRow">\r\n<table border="0" width="100%">\r\n  <thead>\r\n    <th class="col1head">Syllabary</th>\r\n    <th class="col2head">Phonetics</th>\r\n    <th class="col2head">English</th>\r\n  </thead>\r\n\r\n</table>\r\n    </td>\r\n  </tr>\r\n<!-- SubEntry-tpl.htm - snippet for each subentry -->\r\n  <tr>\r\n    <td class="tableRowPRC">\r\n<table border="0" width="100%">\r\n  <thead>\r\n    <th class="col1head">Present Continuous</th>\r\n    <th class="col2head">&nbsp;</th>\r\n    <th class="col2head">&nbsp;</th>\r\n  </thead>\r\n  <tr>\r\n    <td class="col1data">\r\n<span class="syll"></span>\r\n    </td>\r\n    <td class="col2data">\r\n<span class="exam"></span>\r\n    </td>\r\n    <td class="col2data">\r\n<span class="tran"></span>\r\n    </td>\r\n  </tr>\r\n\r\n</table>\r\n    </td>\r\n  </tr>\r\n<!-- SubEntry-tpl.htm - snippet for each subentry -->\r\n  <tr>\r\n    <td class="tableRowINC">\r\n<table border="0" width="100%">\r\n  <thead>\r\n    <th class="col1head">Incompletive</th>\r\n    <th class="col2head">&nbsp;</th>\r\n    <th class="col2head">&nbsp;</th>\r\n  </thead>\r\n  <tr>\r\n    <td class="col1data">\r\n<span class="syll">ᎪᎱᏍᏗ ᎠᏲᎸᎯ ᏥᎨᏐ ᎥᎯᏯᏍᎪ.</span>\r\n    </td>\r\n    <td class="col2data">\r\n<span class="exam"></span>\r\n    </td>\r\n    <td class="col2data">\r\n<span class="tran">Something that is brought you usually leave.</span>\r\n    </td>\r\n  </tr>\r\n\r\n</table>\r\n    </td>\r\n  </tr>\r\n<!-- SubEntry-tpl.htm - snippet for each subentry -->\r\n  <tr>\r\n    <td class="tableRowIMM">\r\n<table border="0" width="100%">\r\n  <thead>\r\n    <th class="col1head">Immediate</th>\r\n    <th class="col2head">&nbsp;</th>\r\n    <th class="col2head">&nbsp;</th>\r\n  </thead>\r\n  <tr>\r\n    <td class="col1data">\r\n<span class="syll"></span>\r\n    </td>\r\n    <td class="col2data">\r\n<span class="exam"></span>\r\n    </td>\r\n    <td class="col2data">\r\n<span class="tran"></span>\r\n    </td>\r\n  </tr>\r\n\r\n</table>\r\n    </td>\r\n  </tr>\r\n<!-- SubEntry-tpl.htm - snippet for each subentry -->\r\n  <tr>\r\n    <td class="tableRowCMP">\r\n<table border="0" width="100%">\r\n  <thead>\r\n    <th class="col1head">Completive</th>\r\n    <th class="col2head">&nbsp;</th>\r\n    <th class="col2head">&nbsp;</th>\r\n  </thead>\r\n  <tr>\r\n    <td class="col1data">\r\n<span class="syll"></span>\r\n    </td>\r\n    <td class="col2data">\r\n<span class="exam">adeéla jiʔiíyv iitsdóhda</span>\r\n    </td>\r\n    <td class="col2data">\r\n<span class="tran">''I left money behind for your use.'' MC 3-1-07</span>\r\n    </td>\r\n  </tr>\r\n<!-- Example-tpl.htm - snippet for additional examples -->\r\n  <tr>\r\n    <td class="col1data">\r\n<span class="syll"></span>\r\n	</td>\r\n    <td class="col2data">\r\n<span class="exam"></span>\r\n    </td>\r\n    <td class="col2data">\r\n<span class="tran">Leave the car when you go back.</span>\r\n    </td>\r\n  </tr>\r\n\r\n</table>\r\n    </td>\r\n  </tr>\r\n<!-- SubEntry-tpl.htm - snippet for each subentry -->\r\n  <tr>\r\n    <td class="tableRowDVN">\r\n<table border="0" width="100%">\r\n  <thead>\r\n    <th class="col1head">Deverbal Noun</th>\r\n    <th class="col2head">&nbsp;</th>\r\n    <th class="col2head">&nbsp;</th>\r\n  </thead>\r\n  <tr>\r\n    <td class="col1data">\r\n<span class="syll"></span>\r\n    </td>\r\n    <td class="col2data">\r\n<span class="exam"></span>\r\n    </td>\r\n    <td class="col2data">\r\n<span class="tran"></span>\r\n    </td>\r\n  </tr>\r\n\r\n</table>\r\n    </td>\r\n  </tr>\r\n\r\n  </table>\r\n  </td>\r\n  </tr>\r\n</table>\r\n', 'aàhiiyáʔa  (hiya?a)', '', 'publish', 'open', 'open', '', 'hiyaa1.htm', '', '', '2010-10-15 16:24:41', '2010-10-15 21:24:41', '', 0, 'http://www.cnec-edu.org/wp-cherokee/wp-content/uploads/?p=15', 0, 'post', '', 0),
(16, 1, '2010-10-15 16:24:41', '2010-10-15 21:24:41', '<table border="0" width="100%" valign="top">\r\n  <tr>\r\n<table width="100%" style="border-style: solid;border-color: red;border-width:2pt;color:red;">\r\n  <tr>\r\n    <td style="text-align:right;" class="col1data"><span class="stemhd">English entry:</span></td>\r\n    <td style="text-align:left;" class="col2data"><span class="glo">leaf, leaves</span></td>\r\n	<td class="col2data">&nbsp;</td>\r\n  </tr>\r\n  <tr>\r\n    <td style="text-align:right;" class="col1data"><span class="stemhd">Cherokee:</span></td>\r\n    <td style="text-align:left;" class="col2data"><span  class="def">jugaloog </span></td>\r\n	<td class="col2data">&nbsp;</td>\r\n  </tr>\r\n  <tr>\r\n    <td style="text-align:right;" class="col1data"><span class="stemhd">Stem:</span></td>\r\n    <td style="text-align:left;" class="col2data"><span  class="stm">galog</span> <span class="partsp">(n)</span></td>\r\n	<td class="col2data">&nbsp;</td>\r\n  </tr>\r\n</table>  \r\n  </tr>\r\n\r\n  <tr>\r\n    <td>\r\n<table border="0" width="100%">\r\n  <tr>\r\n    <td class="tableRow">\r\n<table border="0" width="100%">\r\n  <thead>\r\n    <th class="col1head">Syllabary</th>\r\n    <th class="col2head">Phonetics</th>\r\n    <th class="col2head">English</th>\r\n  </thead>\r\n<!-- Example-tpl.htm - snippet for additional examples -->\r\n  <tr>\r\n    <td class="col1data">\r\n<span class="syll"></span>\r\n	</td>\r\n    <td class="col2data">\r\n<span class="exam">juuɡalooɡ daloolúusɡo</span>\r\n    </td>\r\n    <td class="col2data">\r\n<span class="tran">leaves are floating</span>\r\n    </td>\r\n  </tr>\r\n\r\n</table>\r\n    </td>\r\n  </tr>\r\n\r\n  </table>\r\n  </td>\r\n  </tr>\r\n</table>\r\n', 'jugaloog  (galog)', '', 'publish', 'open', 'open', '', 'galog1.htm', '', '', '2010-10-15 16:24:41', '2010-10-15 21:24:41', '', 0, 'http://www.cnec-edu.org/wp-cherokee/wp-content/uploads/?p=16', 0, 'post', '', 0),
(17, 1, '2010-10-15 16:24:41', '2010-10-15 21:24:41', '<table border="0" width="100%" valign="top">\r\n  <tr>\r\n<table width="100%" style="border-style: solid;border-color: red;border-width:2pt;color:red;">\r\n  <tr>\r\n    <td style="text-align:right;" class="col1data"><span class="stemhd">English entry:</span></td>\r\n    <td style="text-align:left;" class="col2data"><span class="glo">to leave behind something long (DF)</span></td>\r\n	<td class="col2data">&nbsp;</td>\r\n  </tr>\r\n  <tr>\r\n    <td style="text-align:right;" class="col1data"><span class="stemhd">Cherokee:</span></td>\r\n    <td style="text-align:left;" class="col2data"><span  class="def"></span></td>\r\n	<td class="col2data">&nbsp;</td>\r\n  </tr>\r\n  <tr>\r\n    <td style="text-align:right;" class="col1data"><span class="stemhd">Stem:</span></td>\r\n    <td style="text-align:left;" class="col2data"><span  class="stm">disiya''a</span> <span class="partsp">(v)</span></td>\r\n	<td class="col2data">&nbsp;</td>\r\n  </tr>\r\n</table>  \r\n  </tr>\r\n\r\n  <tr>\r\n    <td>\r\n<table border="0" width="100%">\r\n  <tr>\r\n    <td class="tableRow">\r\n<table border="0" width="100%">\r\n  <thead>\r\n    <th class="col1head">Syllabary</th>\r\n    <th class="col2head">Phonetics</th>\r\n    <th class="col2head">English</th>\r\n  </thead>\r\n\r\n</table>\r\n    </td>\r\n  </tr>\r\n<!-- SubEntry-tpl.htm - snippet for each subentry -->\r\n  <tr>\r\n    <td class="tableRowPRC">\r\n<table border="0" width="100%">\r\n  <thead>\r\n    <th class="col1head">Present Continuous</th>\r\n    <th class="col2head">&nbsp;</th>\r\n    <th class="col2head">&nbsp;</th>\r\n  </thead>\r\n  <tr>\r\n    <td class="col1data">\r\n<span class="syll"></span>\r\n    </td>\r\n    <td class="col2data">\r\n<span class="exam"></span>\r\n    </td>\r\n    <td class="col2data">\r\n<span class="tran"></span>\r\n    </td>\r\n  </tr>\r\n\r\n</table>\r\n    </td>\r\n  </tr>\r\n<!-- SubEntry-tpl.htm - snippet for each subentry -->\r\n  <tr>\r\n    <td class="tableRowINC">\r\n<table border="0" width="100%">\r\n  <thead>\r\n    <th class="col1head">Incompletive</th>\r\n    <th class="col2head">&nbsp;</th>\r\n    <th class="col2head">&nbsp;</th>\r\n  </thead>\r\n  <tr>\r\n    <td class="col1data">\r\n<span class="syll"></span>\r\n    </td>\r\n    <td class="col2data">\r\n<span class="exam"></span>\r\n    </td>\r\n    <td class="col2data">\r\n<span class="tran"></span>\r\n    </td>\r\n  </tr>\r\n\r\n</table>\r\n    </td>\r\n  </tr>\r\n<!-- SubEntry-tpl.htm - snippet for each subentry -->\r\n  <tr>\r\n    <td class="tableRowIMM">\r\n<table border="0" width="100%">\r\n  <thead>\r\n    <th class="col1head">Immediate</th>\r\n    <th class="col2head">&nbsp;</th>\r\n    <th class="col2head">&nbsp;</th>\r\n  </thead>\r\n  <tr>\r\n    <td class="col1data">\r\n<span class="syll"></span>\r\n    </td>\r\n    <td class="col2data">\r\n<span class="exam"></span>\r\n    </td>\r\n    <td class="col2data">\r\n<span class="tran">Leave the chair. There isn''t room to put it in the car.</span>\r\n    </td>\r\n  </tr>\r\n\r\n</table>\r\n    </td>\r\n  </tr>\r\n<!-- SubEntry-tpl.htm - snippet for each subentry -->\r\n  <tr>\r\n    <td class="tableRowCMP">\r\n<table border="0" width="100%">\r\n  <thead>\r\n    <th class="col1head">Completive</th>\r\n    <th class="col2head">&nbsp;</th>\r\n    <th class="col2head">&nbsp;</th>\r\n  </thead>\r\n  <tr>\r\n    <td class="col1data">\r\n<span class="syll"></span>\r\n    </td>\r\n    <td class="col2data">\r\n<span class="exam"></span>\r\n    </td>\r\n    <td class="col2data">\r\n<span class="tran"></span>\r\n    </td>\r\n  </tr>\r\n\r\n</table>\r\n    </td>\r\n  </tr>\r\n<!-- SubEntry-tpl.htm - snippet for each subentry -->\r\n  <tr>\r\n    <td class="tableRowDVN">\r\n<table border="0" width="100%">\r\n  <thead>\r\n    <th class="col1head">Deverbal Noun</th>\r\n    <th class="col2head">&nbsp;</th>\r\n    <th class="col2head">&nbsp;</th>\r\n  </thead>\r\n  <tr>\r\n    <td class="col1data">\r\n<span class="syll"></span>\r\n    </td>\r\n    <td class="col2data">\r\n<span class="exam"></span>\r\n    </td>\r\n    <td class="col2data">\r\n<span class="tran"></span>\r\n    </td>\r\n  </tr>\r\n\r\n</table>\r\n    </td>\r\n  </tr>\r\n\r\n  </table>\r\n  </td>\r\n  </tr>\r\n</table>\r\n', ' (disiya''a)', '', 'publish', 'open', 'open', '', 'disiyaa1.htm', '', '', '2010-10-15 16:24:41', '2010-10-15 21:24:41', '', 0, 'http://www.cnec-edu.org/wp-cherokee/wp-content/uploads/?p=17', 0, 'post', '', 0),
(18, 1, '2010-10-15 16:24:41', '2010-10-15 21:24:41', '<table border="0" width="100%" valign="top">\r\n  <tr>\r\n<table width="100%" style="border-style: solid;border-color: red;border-width:2pt;color:red;">\r\n  <tr>\r\n    <td style="text-align:right;" class="col1data"><span class="stemhd">English entry:</span></td>\r\n    <td style="text-align:left;" class="col2data"><span class="glo">to leave behind something living (DF)</span></td>\r\n	<td class="col2data">&nbsp;</td>\r\n  </tr>\r\n  <tr>\r\n    <td style="text-align:right;" class="col1data"><span class="stemhd">Cherokee:</span></td>\r\n    <td style="text-align:left;" class="col2data"><span  class="def"></span></td>\r\n	<td class="col2data">&nbsp;</td>\r\n  </tr>\r\n  <tr>\r\n    <td style="text-align:right;" class="col1data"><span class="stemhd">Stem:</span></td>\r\n    <td style="text-align:left;" class="col2data"><span  class="stm">akahiya''a</span> <span class="partsp">(v)</span></td>\r\n	<td class="col2data">&nbsp;</td>\r\n  </tr>\r\n</table>  \r\n  </tr>\r\n\r\n  <tr>\r\n    <td>\r\n<table border="0" width="100%">\r\n  <tr>\r\n    <td class="tableRow">\r\n<table border="0" width="100%">\r\n  <thead>\r\n    <th class="col1head">Syllabary</th>\r\n    <th class="col2head">Phonetics</th>\r\n    <th class="col2head">English</th>\r\n  </thead>\r\n\r\n</table>\r\n    </td>\r\n  </tr>\r\n<!-- SubEntry-tpl.htm - snippet for each subentry -->\r\n  <tr>\r\n    <td class="tableRowPRC">\r\n<table border="0" width="100%">\r\n  <thead>\r\n    <th class="col1head">Present Continuous</th>\r\n    <th class="col2head">&nbsp;</th>\r\n    <th class="col2head">&nbsp;</th>\r\n  </thead>\r\n  <tr>\r\n    <td class="col1data">\r\n<span class="syll">ᏥᎸᏉᏗ ᎣᎩᎾᎵ ᏥᏯᎧᎯᏯᎠ.</span>\r\n    </td>\r\n    <td class="col2data">\r\n<span class="exam"></span>\r\n    </td>\r\n    <td class="col2data">\r\n<span class="tran">I am leaving behind a friend that I like.</span>\r\n    </td>\r\n  </tr>\r\n<!-- Example-tpl.htm - snippet for additional examples -->\r\n  <tr>\r\n    <td class="col1data">\r\n<span class="syll"></span>\r\n	</td>\r\n    <td class="col2data">\r\n<span class="exam"></span>\r\n    </td>\r\n    <td class="col2data">\r\n<span class="tran">I almost brought my dog, but I left it behind.</span>\r\n    </td>\r\n  </tr>\r\n<!-- Example-tpl.htm - snippet for additional examples -->\r\n  <tr>\r\n    <td class="col1data">\r\n<span class="syll"></span>\r\n	</td>\r\n    <td class="col2data">\r\n<span class="exam">amayv́v́ duunéedool aséehno uutaanidiɡe waloos aaniɡahiíya uudadaahwsɡa yuuwaniis</span>\r\n    </td>\r\n    <td class="col2data">\r\n<span class="tran">They are going about near the water; however, they have left the larger frog because he felt obnoxious toward the little frog</span>\r\n    </td>\r\n  </tr>\r\n<!-- Example-tpl.htm - snippet for additional examples -->\r\n  <tr>\r\n    <td class="col1data">\r\n<span class="syll"></span>\r\n	</td>\r\n    <td class="col2data">\r\n<span class="exam">uùniɡaheéyv aanelíisɡv uutaanidiɡe waloos nuunaahwsestvnvv́n aadatlɡa</span>\r\n    </td>\r\n    <td class="col2data">\r\n<span class="tran">Feeling that they have left the big frog behind, they did not watch that he was actually being left behind.</span>\r\n    </td>\r\n  </tr>\r\n<!-- Example-tpl.htm - snippet for additional examples -->\r\n  <tr>\r\n    <td class="col1data">\r\n<span class="syll"></span>\r\n	</td>\r\n    <td class="col2data">\r\n<span class="exam">úúsdi walóos tla yaàniihwáhta aasééno aádaasɡáàhv uùdiisɡahlánv nvv́win aànaanaɡíìsɡv aàniiɡahi uutaniidiɡe walóosi</span>\r\n    </td>\r\n    <td class="col2data">\r\n<span class="tran">They didn''t find the little frog as the little frog is hiding because he is fearful of the big frog; as they are leaving they are leaving the big frog behind</span>\r\n    </td>\r\n  </tr>\r\n<!-- Example-tpl.htm - snippet for additional examples -->\r\n  <tr>\r\n    <td class="col1data">\r\n<span class="syll"></span>\r\n	</td>\r\n    <td class="col2data">\r\n<span class="exam">amayúútl nvv náʔv waàniiluhk jiíyu yúúst uùnkilvv̀di uùnaduuli juùnisóhwiisdi aase hale amaayo uùneetáàsdi uùnkilv jiíyu yúúsdi aàniikahiiyv́nv́hv úútan waloós</span>\r\n    </td>\r\n    <td class="col2data">\r\n<span class="tran">near the water now they arived there, boat-like riding on it they want to cross over probably and water place to move about while they''re perched on boat-like, they''re leaving big frog</span>\r\n    </td>\r\n  </tr>\r\n<!-- Example-tpl.htm - snippet for additional examples -->\r\n  <tr>\r\n    <td class="col1data">\r\n<span class="syll"></span>\r\n	</td>\r\n    <td class="col2data">\r\n<span class="exam">uùniikahiyv́v́n uùniiyeelv́vsv úútan waloós ama jiyúú uùnkilv aséehno eenvv́hítihlt téeɡiik úútan waloós wahltáhtvvɡ jiíyu uùjódu duùliisɡv</span>\r\n    </td>\r\n    <td class="col2data">\r\n<span class="tran">they''re leaving him having in their mind they have left him the water boat they are riding however he can jump a long ways big frog, he jumped onto boat he wanted to get on</span>\r\n    </td>\r\n  </tr>\r\n\r\n</table>\r\n    </td>\r\n  </tr>\r\n<!-- SubEntry-tpl.htm - snippet for each subentry -->\r\n  <tr>\r\n    <td class="tableRowPRC">\r\n<table border="0" width="100%">\r\n  <thead>\r\n    <th class="col1head">Present Continuous</th>\r\n    <th class="col2head">&nbsp;</th>\r\n    <th class="col2head">&nbsp;</th>\r\n  </thead>\r\n  <tr>\r\n    <td class="col1data">\r\n<span class="syll"></span>\r\n    </td>\r\n    <td class="col2data">\r\n<span class="exam"></span>\r\n    </td>\r\n    <td class="col2data">\r\n<span class="tran"></span>\r\n    </td>\r\n  </tr>\r\n\r\n</table>\r\n    </td>\r\n  </tr>\r\n<!-- SubEntry-tpl.htm - snippet for each subentry -->\r\n  <tr>\r\n    <td class="tableRowINC">\r\n<table border="0" width="100%">\r\n  <thead>\r\n    <th class="col1head">Incompletive</th>\r\n    <th class="col2head">&nbsp;</th>\r\n    <th class="col2head">&nbsp;</th>\r\n  </thead>\r\n  <tr>\r\n    <td class="col1data">\r\n<span class="syll"></span>\r\n    </td>\r\n    <td class="col2data">\r\n<span class="exam"></span>\r\n    </td>\r\n    <td class="col2data">\r\n<span class="tran"></span>\r\n    </td>\r\n  </tr>\r\n\r\n</table>\r\n    </td>\r\n  </tr>\r\n<!-- SubEntry-tpl.htm - snippet for each subentry -->\r\n  <tr>\r\n    <td class="tableRowIMM">\r\n<table border="0" width="100%">\r\n  <thead>\r\n    <th class="col1head">Immediate</th>\r\n    <th class="col2head">&nbsp;</th>\r\n    <th class="col2head">&nbsp;</th>\r\n  </thead>\r\n  <tr>\r\n    <td class="col1data">\r\n<span class="syll"></span>\r\n    </td>\r\n    <td class="col2data">\r\n<span class="exam"></span>\r\n    </td>\r\n    <td class="col2data">\r\n<span class="tran"></span>\r\n    </td>\r\n  </tr>\r\n\r\n</table>\r\n    </td>\r\n  </tr>\r\n<!-- SubEntry-tpl.htm - snippet for each subentry -->\r\n  <tr>\r\n    <td class="tableRowCMP">\r\n<table border="0" width="100%">\r\n  <thead>\r\n    <th class="col1head">Completive</th>\r\n    <th class="col2head">&nbsp;</th>\r\n    <th class="col2head">&nbsp;</th>\r\n  </thead>\r\n  <tr>\r\n    <td class="col1data">\r\n<span class="syll"></span>\r\n    </td>\r\n    <td class="col2data">\r\n<span class="exam"></span>\r\n    </td>\r\n    <td class="col2data">\r\n<span class="tran"></span>\r\n    </td>\r\n  </tr>\r\n\r\n</table>\r\n    </td>\r\n  </tr>\r\n<!-- SubEntry-tpl.htm - snippet for each subentry -->\r\n  <tr>\r\n    <td class="tableRowCMP">\r\n<table border="0" width="100%">\r\n  <thead>\r\n    <th class="col1head">Completive</th>\r\n    <th class="col2head">&nbsp;</th>\r\n    <th class="col2head">&nbsp;</th>\r\n  </thead>\r\n  <tr>\r\n    <td class="col1data">\r\n<span class="syll"></span>\r\n    </td>\r\n    <td class="col2data">\r\n<span class="exam"></span>\r\n    </td>\r\n    <td class="col2data">\r\n<span class="tran"></span>\r\n    </td>\r\n  </tr>\r\n\r\n</table>\r\n    </td>\r\n  </tr>\r\n<!-- SubEntry-tpl.htm - snippet for each subentry -->\r\n  <tr>\r\n    <td class="tableRowDVN">\r\n<table border="0" width="100%">\r\n  <thead>\r\n    <th class="col1head">Deverbal Noun</th>\r\n    <th class="col2head">&nbsp;</th>\r\n    <th class="col2head">&nbsp;</th>\r\n  </thead>\r\n  <tr>\r\n    <td class="col1data">\r\n<span class="syll"></span>\r\n    </td>\r\n    <td class="col2data">\r\n<span class="exam"></span>\r\n    </td>\r\n    <td class="col2data">\r\n<span class="tran"></span>\r\n    </td>\r\n  </tr>\r\n\r\n</table>\r\n    </td>\r\n  </tr>\r\n\r\n  </table>\r\n  </td>\r\n  </tr>\r\n</table>\r\n', ' (akahiya''a)', '', 'publish', 'open', 'open', '', 'akahiyaa1.htm', '', '', '2010-10-15 16:24:41', '2010-10-15 21:24:41', '', 0, 'http://www.cnec-edu.org/wp-cherokee/wp-content/uploads/?p=18', 0, 'post', '', 0),
(19, 1, '2010-10-15 16:24:41', '2010-10-15 21:24:41', '<table border="0" width="100%" valign="top">\r\n  <tr>\r\n<table width="100%" style="border-style: solid;border-color: red;border-width:2pt;color:red;">\r\n  <tr>\r\n    <td style="text-align:right;" class="col1data"><span class="stemhd">English entry:</span></td>\r\n    <td style="text-align:left;" class="col2data"><span class="glo">to leave, start I</span></td>\r\n	<td class="col2data">&nbsp;</td>\r\n  </tr>\r\n  <tr>\r\n    <td style="text-align:right;" class="col1data"><span class="stemhd">Cherokee:</span></td>\r\n    <td style="text-align:left;" class="col2data"><span  class="def"></span></td>\r\n	<td class="col2data">&nbsp;</td>\r\n  </tr>\r\n  <tr>\r\n    <td style="text-align:right;" class="col1data"><span class="stemhd">Stem:</span></td>\r\n    <td style="text-align:left;" class="col2data"><span  class="stm">ahnigi</span> <span class="partsp">(v)</span></td>\r\n	<td class="col2data">&nbsp;</td>\r\n  </tr>\r\n</table>  \r\n  </tr>\r\n\r\n  <tr>\r\n    <td>\r\n<table border="0" width="100%">\r\n  <tr>\r\n    <td class="tableRow">\r\n<table border="0" width="100%">\r\n  <thead>\r\n    <th class="col1head">Syllabary</th>\r\n    <th class="col2head">Phonetics</th>\r\n    <th class="col2head">English</th>\r\n  </thead>\r\n<!-- Example-tpl.htm - snippet for additional examples -->\r\n  <tr>\r\n    <td class="col1data">\r\n<span class="syll"></span>\r\n	</td>\r\n    <td class="col2data">\r\n<span class="exam">jahniɡiisdadv</span>\r\n    </td>\r\n    <td class="col2data">\r\n<span class="tran">you''re gonna have to go/go!</span>\r\n    </td>\r\n  </tr>\r\n\r\n</table>\r\n    </td>\r\n  </tr>\r\n<!-- SubEntry-tpl.htm - snippet for each subentry -->\r\n  <tr>\r\n    <td class="tableRowPRC">\r\n<table border="0" width="100%">\r\n  <thead>\r\n    <th class="col1head">Present Continuous</th>\r\n    <th class="col2head">&nbsp;</th>\r\n    <th class="col2head">&nbsp;</th>\r\n  </thead>\r\n  <tr>\r\n    <td class="col1data">\r\n<span class="syll"></span>\r\n    </td>\r\n    <td class="col2data">\r\n<span class="exam">ɡahniɡi</span>\r\n    </td>\r\n    <td class="col2data">\r\n<span class="tran">I''m leaving</span>\r\n    </td>\r\n  </tr>\r\n<!-- Example-tpl.htm - snippet for additional examples -->\r\n  <tr>\r\n    <td class="col1data">\r\n<span class="syll"></span>\r\n	</td>\r\n    <td class="col2data">\r\n<span class="exam">ɡaàniɡiiʔa</span>\r\n    </td>\r\n    <td class="col2data">\r\n<span class="tran">I''m leaving</span>\r\n    </td>\r\n  </tr>\r\n<!-- Example-tpl.htm - snippet for additional examples -->\r\n  <tr>\r\n    <td class="col1data">\r\n<span class="syll"></span>\r\n	</td>\r\n    <td class="col2data">\r\n<span class="exam">hahniɡiʔa</span>\r\n    </td>\r\n    <td class="col2data">\r\n<span class="tran">you''re leaving</span>\r\n    </td>\r\n  </tr>\r\n<!-- Example-tpl.htm - snippet for additional examples -->\r\n  <tr>\r\n    <td class="col1data">\r\n<span class="syll"></span>\r\n	</td>\r\n    <td class="col2data">\r\n<span class="exam">aahniɡi</span>\r\n    </td>\r\n    <td class="col2data">\r\n<span class="tran">he''s going</span>\r\n    </td>\r\n  </tr>\r\n\r\n</table>\r\n    </td>\r\n  </tr>\r\n<!-- SubEntry-tpl.htm - snippet for each subentry -->\r\n  <tr>\r\n    <td class="tableRowINC">\r\n<table border="0" width="100%">\r\n  <thead>\r\n    <th class="col1head">Incompletive</th>\r\n    <th class="col2head">&nbsp;</th>\r\n    <th class="col2head">&nbsp;</th>\r\n  </thead>\r\n  <tr>\r\n    <td class="col1data">\r\n<span class="syll"></span>\r\n    </td>\r\n    <td class="col2data">\r\n<span class="exam"></span>\r\n    </td>\r\n    <td class="col2data">\r\n<span class="tran"></span>\r\n    </td>\r\n  </tr>\r\n\r\n</table>\r\n    </td>\r\n  </tr>\r\n<!-- SubEntry-tpl.htm - snippet for each subentry -->\r\n  <tr>\r\n    <td class="tableRowIMM">\r\n<table border="0" width="100%">\r\n  <thead>\r\n    <th class="col1head">Immediate</th>\r\n    <th class="col2head">&nbsp;</th>\r\n    <th class="col2head">&nbsp;</th>\r\n  </thead>\r\n  <tr>\r\n    <td class="col1data">\r\n<span class="syll"></span>\r\n    </td>\r\n    <td class="col2data">\r\n<span class="exam">ɡila jaàhniɡa</span>\r\n    </td>\r\n    <td class="col2data">\r\n<span class="tran">he just left</span>\r\n    </td>\r\n  </tr>\r\n<!-- Example-tpl.htm - snippet for additional examples -->\r\n  <tr>\r\n    <td class="col1data">\r\n<span class="syll"></span>\r\n	</td>\r\n    <td class="col2data">\r\n<span class="exam">asɡayi jijiilinohehdiisɡv aàhniɡa</span>\r\n    </td>\r\n    <td class="col2data">\r\n<span class="tran">the man that I was talking to he left</span>\r\n    </td>\r\n  </tr>\r\n<!-- Example-tpl.htm - snippet for additional examples -->\r\n  <tr>\r\n    <td class="col1data">\r\n<span class="syll"></span>\r\n	</td>\r\n    <td class="col2data">\r\n<span class="exam">aàhniɡa ɡeeli</span>\r\n    </td>\r\n    <td class="col2data">\r\n<span class="tran">I think he just left</span>\r\n    </td>\r\n  </tr>\r\n<!-- Example-tpl.htm - snippet for additional examples -->\r\n  <tr>\r\n    <td class="col1data">\r\n<span class="syll">ᎩᎳᏊ ᏣᏂᎦ</span>\r\n	</td>\r\n    <td class="col2data">\r\n<span class="exam">kilaw jaàhniɡ</span>\r\n    </td>\r\n    <td class="col2data">\r\n<span class="tran"></span>\r\n    </td>\r\n  </tr>\r\n<!-- Example-tpl.htm - snippet for additional examples -->\r\n  <tr>\r\n    <td class="col1data">\r\n<span class="syll">ᏥᎷᎦ</span>\r\n	</td>\r\n    <td class="col2data">\r\n<span class="exam">jíʔluhɡa</span>\r\n    </td>\r\n    <td class="col2data">\r\n<span class="tran"></span>\r\n    </td>\r\n  </tr>\r\n\r\n</table>\r\n    </td>\r\n  </tr>\r\n<!-- SubEntry-tpl.htm - snippet for each subentry -->\r\n  <tr>\r\n    <td class="tableRowCMP">\r\n<table border="0" width="100%">\r\n  <thead>\r\n    <th class="col1head">Completive</th>\r\n    <th class="col2head">&nbsp;</th>\r\n    <th class="col2head">&nbsp;</th>\r\n  </thead>\r\n  <tr>\r\n    <td class="col1data">\r\n<span class="syll">ᎤᏂᎩᏎ ᏓᎦᏏ</span>\r\n    </td>\r\n    <td class="col2data">\r\n<span class="exam">uùhniiɡiise daksi</span>\r\n    </td>\r\n    <td class="col2data">\r\n<span class="tran">The turtle left.</span>\r\n    </td>\r\n  </tr>\r\n<!-- Example-tpl.htm - snippet for additional examples -->\r\n  <tr>\r\n    <td class="col1data">\r\n<span class="syll">ᎤᏓᏅᎯᏓ ᎡᎳᏗ ᎤᏂᎩᏒᎢ.</span>\r\n	</td>\r\n    <td class="col2data">\r\n<span class="exam"></span>\r\n    </td>\r\n    <td class="col2data">\r\n<span class="tran">He walked a long way.</span>\r\n    </td>\r\n  </tr>\r\n<!-- Example-tpl.htm - snippet for additional examples -->\r\n  <tr>\r\n    <td class="col1data">\r\n<span class="syll"></span>\r\n	</td>\r\n    <td class="col2data">\r\n<span class="exam"></span>\r\n    </td>\r\n    <td class="col2data">\r\n<span class="tran">The children were getting sleepy; that''s why we came back.</span>\r\n    </td>\r\n  </tr>\r\n<!-- Example-tpl.htm - snippet for additional examples -->\r\n  <tr>\r\n    <td class="col1data">\r\n<span class="syll"></span>\r\n	</td>\r\n    <td class="col2data">\r\n<span class="exam">aàwaaniɡiisv</span>\r\n    </td>\r\n    <td class="col2data">\r\n<span class="tran">I have gone</span>\r\n    </td>\r\n  </tr>\r\n<!-- Example-tpl.htm - snippet for additional examples -->\r\n  <tr>\r\n    <td class="col1data">\r\n<span class="syll"></span>\r\n	</td>\r\n    <td class="col2data">\r\n<span class="exam">janiɡiisv</span>\r\n    </td>\r\n    <td class="col2data">\r\n<span class="tran">you have gone</span>\r\n    </td>\r\n  </tr>\r\n<!-- Example-tpl.htm - snippet for additional examples -->\r\n  <tr>\r\n    <td class="col1data">\r\n<span class="syll"></span>\r\n	</td>\r\n    <td class="col2data">\r\n<span class="exam">uùniɡiisv</span>\r\n    </td>\r\n    <td class="col2data">\r\n<span class="tran"></span>\r\n    </td>\r\n  </tr>\r\n<!-- Example-tpl.htm - snippet for additional examples -->\r\n  <tr>\r\n    <td class="col1data">\r\n<span class="syll"></span>\r\n	</td>\r\n    <td class="col2data">\r\n<span class="exam">uùniɡiséeʔi</span>\r\n    </td>\r\n    <td class="col2data">\r\n<span class="tran">he left</span>\r\n    </td>\r\n  </tr>\r\n<!-- Example-tpl.htm - snippet for additional examples -->\r\n  <tr>\r\n    <td class="col1data">\r\n<span class="syll"></span>\r\n	</td>\r\n    <td class="col2data">\r\n<span class="exam">aàwahniɡiisv</span>\r\n    </td>\r\n    <td class="col2data">\r\n<span class="tran">I have gone</span>\r\n    </td>\r\n  </tr>\r\n<!-- Example-tpl.htm - snippet for additional examples -->\r\n  <tr>\r\n    <td class="col1data">\r\n<span class="syll"></span>\r\n	</td>\r\n    <td class="col2data">\r\n<span class="exam">jahniɡiisv</span>\r\n    </td>\r\n    <td class="col2data">\r\n<span class="tran">you have gone</span>\r\n    </td>\r\n  </tr>\r\n<!-- Example-tpl.htm - snippet for additional examples -->\r\n  <tr>\r\n    <td class="col1data">\r\n<span class="syll">ᎤᏂᎩᏒᎢ</span>\r\n	</td>\r\n    <td class="col2data">\r\n<span class="exam">uùhniɡiisv</span>\r\n    </td>\r\n    <td class="col2data">\r\n<span class="tran">he has gone</span>\r\n    </td>\r\n  </tr>\r\n<!-- Example-tpl.htm - snippet for additional examples -->\r\n  <tr>\r\n    <td class="col1data">\r\n<span class="syll"></span>\r\n	</td>\r\n    <td class="col2data">\r\n<span class="exam"></span>\r\n    </td>\r\n    <td class="col2data">\r\n<span class="tran">When he put a new battery in the car, it started up easily.</span>\r\n    </td>\r\n  </tr>\r\n<!-- Example-tpl.htm - snippet for additional examples -->\r\n  <tr>\r\n    <td class="col1data">\r\n<span class="syll"></span>\r\n	</td>\r\n    <td class="col2data">\r\n<span class="exam">awaniɡiisv</span>\r\n    </td>\r\n    <td class="col2data">\r\n<span class="tran">I left</span>\r\n    </td>\r\n  </tr>\r\n<!-- Example-tpl.htm - snippet for additional examples -->\r\n  <tr>\r\n    <td class="col1data">\r\n<span class="syll">ᎭᎴᏊ ᏂᏓᏋᎨᏫᏍᎪ ᏗᏍᏚᎢᏍᏗ ᏱᏗᏆᏂᎩᏌ ᏗᏓᏁᎳ</span>\r\n	</td>\r\n    <td class="col2data">\r\n<span class="exam">haléeɡwu nidaɡwvvɡewsɡo diisduʔíisdi yidiiɡwaniɡíísa diìdaneéla</span>\r\n    </td>\r\n    <td class="col2data">\r\n<span class="tran">''I almost forget to bring my keys every time I leave the house.'' AH-47 7-24-07 , AH-48 7-24-07 ,</span>\r\n    </td>\r\n  </tr>\r\n\r\n</table>\r\n    </td>\r\n  </tr>\r\n<!-- SubEntry-tpl.htm - snippet for each subentry -->\r\n  <tr>\r\n    <td class="tableRowDVN">\r\n<table border="0" width="100%">\r\n  <thead>\r\n    <th class="col1head">Deverbal Noun</th>\r\n    <th class="col2head">&nbsp;</th>\r\n    <th class="col2head">&nbsp;</th>\r\n  </thead>\r\n  <tr>\r\n    <td class="col1data">\r\n<span class="syll"></span>\r\n    </td>\r\n    <td class="col2data">\r\n<span class="exam">uníɡiìsdi wajisohéelv</span>\r\n    </td>\r\n    <td class="col2data">\r\n<span class="tran">he ordered him to leave</span>\r\n    </td>\r\n  </tr>\r\n<!-- Example-tpl.htm - snippet for additional examples -->\r\n  <tr>\r\n    <td class="col1data">\r\n<span class="syll">ᎠᏆᏚᎵ ᏣᏂᎩᏍᏗ</span>\r\n	</td>\r\n    <td class="col2data">\r\n<span class="exam">aàɡwaduuli jahniɡiisdi</span>\r\n    </td>\r\n    <td class="col2data">\r\n<span class="tran">I want you to leave</span>\r\n    </td>\r\n  </tr>\r\n<!-- Example-tpl.htm - snippet for additional examples -->\r\n  <tr>\r\n    <td class="col1data">\r\n<span class="syll"></span>\r\n	</td>\r\n    <td class="col2data">\r\n<span class="exam">ɡáayuul uùhniɡiisv́v́ʔi ɡil waàɡiʔlúhjv</span>\r\n    </td>\r\n    <td class="col2data">\r\n<span class="tran">He had already left when I arrived</span>\r\n    </td>\r\n  </tr>\r\n<!-- Example-tpl.htm - snippet for additional examples -->\r\n  <tr>\r\n    <td class="col1data">\r\n<span class="syll">ᏂᎦᏓ ᏛᏂᎩᏐᏂ</span>\r\n	</td>\r\n    <td class="col2data">\r\n<span class="exam">niɡááda dvvniɡíìsoni</span>\r\n    </td>\r\n    <td class="col2data">\r\n<span class="tran">''It will be all gone."</span>\r\n    </td>\r\n  </tr>\r\n<!-- Example-tpl.htm - snippet for additional examples -->\r\n  <tr>\r\n    <td class="col1data">\r\n<span class="syll"></span>\r\n	</td>\r\n    <td class="col2data">\r\n<span class="exam"></span>\r\n    </td>\r\n    <td class="col2data">\r\n<span class="tran">Sweep the floor before you go.</span>\r\n    </td>\r\n  </tr>\r\n<!-- Example-tpl.htm - snippet for additional examples -->\r\n  <tr>\r\n    <td class="col1data">\r\n<span class="syll"></span>\r\n	</td>\r\n    <td class="col2data">\r\n<span class="exam">ahniɡiisɡv daàyooli</span>\r\n    </td>\r\n    <td class="col2data">\r\n<span class="tran">he''s leaving greeting, he''s saying goodbye</span>\r\n    </td>\r\n  </tr>\r\n<!-- Example-tpl.htm - snippet for additional examples -->\r\n  <tr>\r\n    <td class="col1data">\r\n<span class="syll"></span>\r\n	</td>\r\n    <td class="col2data">\r\n<span class="exam">ɡilaw jaàhniɡ</span>\r\n    </td>\r\n    <td class="col2data">\r\n<span class="tran">Just now only he left</span>\r\n    </td>\r\n  </tr>\r\n<!-- Example-tpl.htm - snippet for additional examples -->\r\n  <tr>\r\n    <td class="col1data">\r\n<span class="syll"></span>\r\n	</td>\r\n    <td class="col2data">\r\n<span class="exam">úúsdi walóos tla yaàniihwáhta aasééno aádaasɡáàhv uùdiisɡahlánv nvv́win aànahniɡíìsɡv aàniiɡahi uutaniidiɡe walóosi</span>\r\n    </td>\r\n    <td class="col2data">\r\n<span class="tran">They didn''t find the little frog as the little frog is hiding because he is fearful of the big frog; as they are leaving they are leaving the big frog behind</span>\r\n    </td>\r\n  </tr>\r\n<!-- Example-tpl.htm - snippet for additional examples -->\r\n  <tr>\r\n    <td class="col1data">\r\n<span class="syll"></span>\r\n	</td>\r\n    <td class="col2data">\r\n<span class="exam">meéli uùduunv́wsda uuhníɡiìsdi</span>\r\n    </td>\r\n    <td class="col2data">\r\n<span class="tran">Mary is preparing/readying to leave</span>\r\n    </td>\r\n  </tr>\r\n<!-- Example-tpl.htm - snippet for additional examples -->\r\n  <tr>\r\n    <td class="col1data">\r\n<span class="syll"></span>\r\n	</td>\r\n    <td class="col2data">\r\n<span class="exam">ɡalawayúúsdi duuhniɡíìs</span>\r\n    </td>\r\n    <td class="col2data">\r\n<span class="tran">just on the next moment he will be leaving</span>\r\n    </td>\r\n  </tr>\r\n\r\n</table>\r\n    </td>\r\n  </tr>\r\n\r\n  </table>\r\n  </td>\r\n  </tr>\r\n</table>\r\n', ' (ahnigi)', '', 'publish', 'open', 'open', '', 'ahnigi1.htm', '', '', '2010-10-15 16:24:41', '2010-10-15 21:24:41', '', 0, 'http://www.cnec-edu.org/wp-cherokee/wp-content/uploads/?p=19', 0, 'post', '', 0),
(20, 1, '2010-10-15 16:24:41', '2010-10-15 21:24:41', '<table border="0" width="100%" valign="top">\r\n  <tr>\r\n<table width="100%" style="border-style: solid;border-color: red;border-width:2pt;color:red;">\r\n  <tr>\r\n    <td style="text-align:right;" class="col1data"><span class="stemhd">English entry:</span></td>\r\n    <td style="text-align:left;" class="col2data"><span class="glo">to leave something behind</span></td>\r\n	<td class="col2data">&nbsp;</td>\r\n  </tr>\r\n  <tr>\r\n    <td style="text-align:right;" class="col1data"><span class="stemhd">Cherokee:</span></td>\r\n    <td style="text-align:left;" class="col2data"><span  class="def"></span></td>\r\n	<td class="col2data">&nbsp;</td>\r\n  </tr>\r\n  <tr>\r\n    <td style="text-align:right;" class="col1data"><span class="stemhd">Stem:</span></td>\r\n    <td style="text-align:left;" class="col2data"><span  class="stm">ahiya</span> <span class="partsp">(v)</span></td>\r\n	<td class="col2data">&nbsp;</td>\r\n  </tr>\r\n</table>  \r\n  </tr>\r\n\r\n  <tr>\r\n    <td>\r\n<table border="0" width="100%">\r\n  <tr>\r\n    <td class="tableRow">\r\n<table border="0" width="100%">\r\n  <thead>\r\n    <th class="col1head">Syllabary</th>\r\n    <th class="col2head">Phonetics</th>\r\n    <th class="col2head">English</th>\r\n  </thead>\r\n\r\n</table>\r\n    </td>\r\n  </tr>\r\n<!-- SubEntry-tpl.htm - snippet for each subentry -->\r\n  <tr>\r\n    <td class="tableRowPRC">\r\n<table border="0" width="100%">\r\n  <thead>\r\n    <th class="col1head">Present Continuous</th>\r\n    <th class="col2head">&nbsp;</th>\r\n    <th class="col2head">&nbsp;</th>\r\n  </thead>\r\n  <tr>\r\n    <td class="col1data">\r\n<span class="syll"></span>\r\n    </td>\r\n    <td class="col2data">\r\n<span class="exam">aàɡahiíya</span>\r\n    </td>\r\n    <td class="col2data">\r\n<span class="tran">I''m leaving something behind</span>\r\n    </td>\r\n  </tr>\r\n<!-- Example-tpl.htm - snippet for additional examples -->\r\n  <tr>\r\n    <td class="col1data">\r\n<span class="syll"></span>\r\n	</td>\r\n    <td class="col2data">\r\n<span class="exam">adeéla deejíhiíyv itstvní́ídasdi</span>\r\n    </td>\r\n    <td class="col2data">\r\n<span class="tran">I left money behind for your use</span>\r\n    </td>\r\n  </tr>\r\n<!-- Example-tpl.htm - snippet for additional examples -->\r\n  <tr>\r\n    <td class="col1data">\r\n<span class="syll"></span>\r\n	</td>\r\n    <td class="col2data">\r\n<span class="exam">adeél deejítiiyi</span>\r\n    </td>\r\n    <td class="col2data">\r\n<span class="tran">I am leaving the money behind</span>\r\n    </td>\r\n  </tr>\r\n\r\n</table>\r\n    </td>\r\n  </tr>\r\n<!-- SubEntry-tpl.htm - snippet for each subentry -->\r\n  <tr>\r\n    <td class="tableRowINC">\r\n<table border="0" width="100%">\r\n  <thead>\r\n    <th class="col1head">Incompletive</th>\r\n    <th class="col2head">&nbsp;</th>\r\n    <th class="col2head">&nbsp;</th>\r\n  </thead>\r\n  <tr>\r\n    <td class="col1data">\r\n<span class="syll"></span>\r\n    </td>\r\n    <td class="col2data">\r\n<span class="exam"></span>\r\n    </td>\r\n    <td class="col2data">\r\n<span class="tran"></span>\r\n    </td>\r\n  </tr>\r\n\r\n</table>\r\n    </td>\r\n  </tr>\r\n<!-- SubEntry-tpl.htm - snippet for each subentry -->\r\n  <tr>\r\n    <td class="tableRowIMM">\r\n<table border="0" width="100%">\r\n  <thead>\r\n    <th class="col1head">Immediate</th>\r\n    <th class="col2head">&nbsp;</th>\r\n    <th class="col2head">&nbsp;</th>\r\n  </thead>\r\n  <tr>\r\n    <td class="col1data">\r\n<span class="syll"></span>\r\n    </td>\r\n    <td class="col2data">\r\n<span class="exam"></span>\r\n    </td>\r\n    <td class="col2data">\r\n<span class="tran"></span>\r\n    </td>\r\n  </tr>\r\n\r\n</table>\r\n    </td>\r\n  </tr>\r\n<!-- SubEntry-tpl.htm - snippet for each subentry -->\r\n  <tr>\r\n    <td class="tableRowCMP">\r\n<table border="0" width="100%">\r\n  <thead>\r\n    <th class="col1head">Completive</th>\r\n    <th class="col2head">&nbsp;</th>\r\n    <th class="col2head">&nbsp;</th>\r\n  </thead>\r\n  <tr>\r\n    <td class="col1data">\r\n<span class="syll"></span>\r\n    </td>\r\n    <td class="col2data">\r\n<span class="exam">jiɡahiíyv</span>\r\n    </td>\r\n    <td class="col2data">\r\n<span class="tran">I left him behind</span>\r\n    </td>\r\n  </tr>\r\n\r\n</table>\r\n    </td>\r\n  </tr>\r\n<!-- SubEntry-tpl.htm - snippet for each subentry -->\r\n  <tr>\r\n    <td class="tableRowDVN">\r\n<table border="0" width="100%">\r\n  <thead>\r\n    <th class="col1head">Deverbal Noun</th>\r\n    <th class="col2head">&nbsp;</th>\r\n    <th class="col2head">&nbsp;</th>\r\n  </thead>\r\n  <tr>\r\n    <td class="col1data">\r\n<span class="syll"></span>\r\n    </td>\r\n    <td class="col2data">\r\n<span class="exam"></span>\r\n    </td>\r\n    <td class="col2data">\r\n<span class="tran"></span>\r\n    </td>\r\n  </tr>\r\n\r\n</table>\r\n    </td>\r\n  </tr>\r\n\r\n  </table>\r\n  </td>\r\n  </tr>\r\n</table>\r\n', ' (ahiya)', '', 'publish', 'open', 'open', '', 'ahiya1.htm', '', '', '2010-10-15 16:24:41', '2010-10-15 21:24:41', '', 0, 'http://www.cnec-edu.org/wp-cherokee/wp-content/uploads/?p=20', 0, 'post', '', 0),
(21, 1, '2010-10-15 16:24:41', '2010-10-15 21:24:41', '<table border="0" width="100%" valign="top">\r\n  <tr>\r\n<table width="100%" style="border-style: solid;border-color: red;border-width:2pt;color:red;">\r\n  <tr>\r\n    <td style="text-align:right;" class="col1data"><span class="stemhd">English entry:</span></td>\r\n    <td style="text-align:left;" class="col2data"><span class="glo">to leave behind?</span></td>\r\n	<td class="col2data">&nbsp;</td>\r\n  </tr>\r\n  <tr>\r\n    <td style="text-align:right;" class="col1data"><span class="stemhd">Cherokee:</span></td>\r\n    <td style="text-align:left;" class="col2data"><span  class="def"></span></td>\r\n	<td class="col2data">&nbsp;</td>\r\n  </tr>\r\n  <tr>\r\n    <td style="text-align:right;" class="col1data"><span class="stemhd">Stem:</span></td>\r\n    <td style="text-align:left;" class="col2data"><span  class="stm">adatlga</span> <span class="partsp">(v)</span></td>\r\n	<td class="col2data">&nbsp;</td>\r\n  </tr>\r\n</table>  \r\n  </tr>\r\n\r\n  <tr>\r\n    <td>\r\n<table border="0" width="100%">\r\n  <tr>\r\n    <td class="tableRow">\r\n<table border="0" width="100%">\r\n  <thead>\r\n    <th class="col1head">Syllabary</th>\r\n    <th class="col2head">Phonetics</th>\r\n    <th class="col2head">English</th>\r\n  </thead>\r\n\r\n</table>\r\n    </td>\r\n  </tr>\r\n<!-- SubEntry-tpl.htm - snippet for each subentry -->\r\n  <tr>\r\n    <td class="tableRowPRC">\r\n<table border="0" width="100%">\r\n  <thead>\r\n    <th class="col1head">Present Continuous</th>\r\n    <th class="col2head">&nbsp;</th>\r\n    <th class="col2head">&nbsp;</th>\r\n  </thead>\r\n  <tr>\r\n    <td class="col1data">\r\n<span class="syll"></span>\r\n    </td>\r\n    <td class="col2data">\r\n<span class="exam">uùnikaheéyv aanelíisɡv uutaanidiɡe waloos nuunaahwsesdvnvv́n aadatlɡa</span>\r\n    </td>\r\n    <td class="col2data">\r\n<span class="tran">Feeling that they have left the big frog behind, they did not watch that he was actually being left behind.</span>\r\n    </td>\r\n  </tr>\r\n\r\n</table>\r\n    </td>\r\n  </tr>\r\n<!-- SubEntry-tpl.htm - snippet for each subentry -->\r\n  <tr>\r\n    <td class="tableRowINC">\r\n<table border="0" width="100%">\r\n  <thead>\r\n    <th class="col1head">Incompletive</th>\r\n    <th class="col2head">&nbsp;</th>\r\n    <th class="col2head">&nbsp;</th>\r\n  </thead>\r\n  <tr>\r\n    <td class="col1data">\r\n<span class="syll"></span>\r\n    </td>\r\n    <td class="col2data">\r\n<span class="exam"></span>\r\n    </td>\r\n    <td class="col2data">\r\n<span class="tran"></span>\r\n    </td>\r\n  </tr>\r\n\r\n</table>\r\n    </td>\r\n  </tr>\r\n<!-- SubEntry-tpl.htm - snippet for each subentry -->\r\n  <tr>\r\n    <td class="tableRowIMM">\r\n<table border="0" width="100%">\r\n  <thead>\r\n    <th class="col1head">Immediate</th>\r\n    <th class="col2head">&nbsp;</th>\r\n    <th class="col2head">&nbsp;</th>\r\n  </thead>\r\n  <tr>\r\n    <td class="col1data">\r\n<span class="syll"></span>\r\n    </td>\r\n    <td class="col2data">\r\n<span class="exam"></span>\r\n    </td>\r\n    <td class="col2data">\r\n<span class="tran"></span>\r\n    </td>\r\n  </tr>\r\n\r\n</table>\r\n    </td>\r\n  </tr>\r\n<!-- SubEntry-tpl.htm - snippet for each subentry -->\r\n  <tr>\r\n    <td class="tableRowCMP">\r\n<table border="0" width="100%">\r\n  <thead>\r\n    <th class="col1head">Completive</th>\r\n    <th class="col2head">&nbsp;</th>\r\n    <th class="col2head">&nbsp;</th>\r\n  </thead>\r\n  <tr>\r\n    <td class="col1data">\r\n<span class="syll"></span>\r\n    </td>\r\n    <td class="col2data">\r\n<span class="exam"></span>\r\n    </td>\r\n    <td class="col2data">\r\n<span class="tran"></span>\r\n    </td>\r\n  </tr>\r\n\r\n</table>\r\n    </td>\r\n  </tr>\r\n<!-- SubEntry-tpl.htm - snippet for each subentry -->\r\n  <tr>\r\n    <td class="tableRowDVN">\r\n<table border="0" width="100%">\r\n  <thead>\r\n    <th class="col1head">Deverbal Noun</th>\r\n    <th class="col2head">&nbsp;</th>\r\n    <th class="col2head">&nbsp;</th>\r\n  </thead>\r\n  <tr>\r\n    <td class="col1data">\r\n<span class="syll"></span>\r\n    </td>\r\n    <td class="col2data">\r\n<span class="exam"></span>\r\n    </td>\r\n    <td class="col2data">\r\n<span class="tran"></span>\r\n    </td>\r\n  </tr>\r\n\r\n</table>\r\n    </td>\r\n  </tr>\r\n\r\n  </table>\r\n  </td>\r\n  </tr>\r\n</table>\r\n', ' (adatlga)', '', 'publish', 'open', 'open', '', 'adatlga1.htm', '', '', '2010-10-15 16:24:41', '2010-10-15 21:24:41', '', 0, 'http://www.cnec-edu.org/wp-cherokee/wp-content/uploads/?p=21', 0, 'post', '', 0),
(22, 1, '2010-10-15 16:24:41', '2010-10-15 21:24:41', '<table border="0" width="100%" valign="top">\r\n  <tr>\r\n<table width="100%" style="border-style: solid;border-color: red;border-width:2pt;color:red;">\r\n  <tr>\r\n    <td style="text-align:right;" class="col1data"><span class="stemhd">English entry:</span></td>\r\n    <td style="text-align:left;" class="col2data"><span class="glo">leave (CL) (NEW)</span></td>\r\n	<td class="col2data">&nbsp;</td>\r\n  </tr>\r\n  <tr>\r\n    <td style="text-align:right;" class="col1data"><span class="stemhd">Cherokee:</span></td>\r\n    <td style="text-align:left;" class="col2data"><span  class="def"></span></td>\r\n	<td class="col2data">&nbsp;</td>\r\n  </tr>\r\n  <tr>\r\n    <td style="text-align:right;" class="col1data"><span class="stemhd">Stem:</span></td>\r\n    <td style="text-align:left;" class="col2data"><span  class="stm">adanvsdi</span> <span class="partsp">()</span></td>\r\n	<td class="col2data">&nbsp;</td>\r\n  </tr>\r\n</table>  \r\n  </tr>\r\n\r\n  <tr>\r\n    <td>\r\n<table border="0" width="100%">\r\n  <tr>\r\n    <td class="tableRow">\r\n<table border="0" width="100%">\r\n  <thead>\r\n    <th class="col1head">Syllabary</th>\r\n    <th class="col2head">Phonetics</th>\r\n    <th class="col2head">English</th>\r\n  </thead>\r\n\r\n</table>\r\n    </td>\r\n  </tr>\r\n\r\n  </table>\r\n  </td>\r\n  </tr>\r\n</table>\r\n', ' (adanvsdi)', '', 'publish', 'open', 'open', '', 'adanvsdi1.htm', '', '', '2010-10-15 16:24:41', '2010-10-15 21:24:41', '', 0, 'http://www.cnec-edu.org/wp-cherokee/wp-content/uploads/?p=22', 0, 'post', '', 0),
(23, 1, '2010-10-15 16:24:41', '2010-10-15 21:24:41', '<table border="0" width="100%" valign="top">\r\n  <tr>\r\n<table width="100%" style="border-style: solid;border-color: red;border-width:2pt;color:red;">\r\n  <tr>\r\n    <td style="text-align:right;" class="col1data"><span class="stemhd">English entry:</span></td>\r\n    <td style="text-align:left;" class="col2data"><span class="glo">to leave (flexible) (DF)</span></td>\r\n	<td class="col2data">&nbsp;</td>\r\n  </tr>\r\n  <tr>\r\n    <td style="text-align:right;" class="col1data"><span class="stemhd">Cherokee:</span></td>\r\n    <td style="text-align:left;" class="col2data"><span  class="def"></span></td>\r\n	<td class="col2data">&nbsp;</td>\r\n  </tr>\r\n  <tr>\r\n    <td style="text-align:right;" class="col1data"><span class="stemhd">Stem:</span></td>\r\n    <td style="text-align:left;" class="col2data"><span  class="stm">''niya</span> <span class="partsp">(v)</span></td>\r\n	<td class="col2data">&nbsp;</td>\r\n  </tr>\r\n</table>  \r\n  </tr>\r\n\r\n  <tr>\r\n    <td>\r\n<table border="0" width="100%">\r\n  <tr>\r\n    <td class="tableRow">\r\n<table border="0" width="100%">\r\n  <thead>\r\n    <th class="col1head">Syllabary</th>\r\n    <th class="col2head">Phonetics</th>\r\n    <th class="col2head">English</th>\r\n  </thead>\r\n\r\n</table>\r\n    </td>\r\n  </tr>\r\n<!-- SubEntry-tpl.htm - snippet for each subentry -->\r\n  <tr>\r\n    <td class="tableRowPRC">\r\n<table border="0" width="100%">\r\n  <thead>\r\n    <th class="col1head">Present Continuous</th>\r\n    <th class="col2head">&nbsp;</th>\r\n    <th class="col2head">&nbsp;</th>\r\n  </thead>\r\n  <tr>\r\n    <td class="col1data">\r\n<span class="syll"></span>\r\n    </td>\r\n    <td class="col2data">\r\n<span class="exam"></span>\r\n    </td>\r\n    <td class="col2data">\r\n<span class="tran"></span>\r\n    </td>\r\n  </tr>\r\n\r\n</table>\r\n    </td>\r\n  </tr>\r\n<!-- SubEntry-tpl.htm - snippet for each subentry -->\r\n  <tr>\r\n    <td class="tableRowINC">\r\n<table border="0" width="100%">\r\n  <thead>\r\n    <th class="col1head">Incompletive</th>\r\n    <th class="col2head">&nbsp;</th>\r\n    <th class="col2head">&nbsp;</th>\r\n  </thead>\r\n  <tr>\r\n    <td class="col1data">\r\n<span class="syll"></span>\r\n    </td>\r\n    <td class="col2data">\r\n<span class="exam"></span>\r\n    </td>\r\n    <td class="col2data">\r\n<span class="tran"></span>\r\n    </td>\r\n  </tr>\r\n\r\n</table>\r\n    </td>\r\n  </tr>\r\n<!-- SubEntry-tpl.htm - snippet for each subentry -->\r\n  <tr>\r\n    <td class="tableRowIMM">\r\n<table border="0" width="100%">\r\n  <thead>\r\n    <th class="col1head">Immediate</th>\r\n    <th class="col2head">&nbsp;</th>\r\n    <th class="col2head">&nbsp;</th>\r\n  </thead>\r\n  <tr>\r\n    <td class="col1data">\r\n<span class="syll"></span>\r\n    </td>\r\n    <td class="col2data">\r\n<span class="exam"></span>\r\n    </td>\r\n    <td class="col2data">\r\n<span class="tran"></span>\r\n    </td>\r\n  </tr>\r\n\r\n</table>\r\n    </td>\r\n  </tr>\r\n<!-- SubEntry-tpl.htm - snippet for each subentry -->\r\n  <tr>\r\n    <td class="tableRowCMP">\r\n<table border="0" width="100%">\r\n  <thead>\r\n    <th class="col1head">Completive</th>\r\n    <th class="col2head">&nbsp;</th>\r\n    <th class="col2head">&nbsp;</th>\r\n  </thead>\r\n  <tr>\r\n    <td class="col1data">\r\n<span class="syll"></span>\r\n    </td>\r\n    <td class="col2data">\r\n<span class="exam"></span>\r\n    </td>\r\n    <td class="col2data">\r\n<span class="tran">He left his shirt whan he escaped from jail.</span>\r\n    </td>\r\n  </tr>\r\n\r\n</table>\r\n    </td>\r\n  </tr>\r\n<!-- SubEntry-tpl.htm - snippet for each subentry -->\r\n  <tr>\r\n    <td class="tableRowDVN">\r\n<table border="0" width="100%">\r\n  <thead>\r\n    <th class="col1head">Deverbal Noun</th>\r\n    <th class="col2head">&nbsp;</th>\r\n    <th class="col2head">&nbsp;</th>\r\n  </thead>\r\n  <tr>\r\n    <td class="col1data">\r\n<span class="syll"></span>\r\n    </td>\r\n    <td class="col2data">\r\n<span class="exam"></span>\r\n    </td>\r\n    <td class="col2data">\r\n<span class="tran"></span>\r\n    </td>\r\n  </tr>\r\n\r\n</table>\r\n    </td>\r\n  </tr>\r\n\r\n  </table>\r\n  </td>\r\n  </tr>\r\n</table>\r\n', ' (''niya)', '', 'publish', 'open', 'open', '', 'niya1.htm', '', '', '2010-10-15 16:24:41', '2010-10-15 21:24:41', '', 0, 'http://www.cnec-edu.org/wp-cherokee/wp-content/uploads/?p=23', 0, 'post', '', 0);
INSERT INTO `wp_posts` (`ID`, `post_author`, `post_date`, `post_date_gmt`, `post_content`, `post_title`, `post_excerpt`, `post_status`, `comment_status`, `ping_status`, `post_password`, `post_name`, `to_ping`, `pinged`, `post_modified`, `post_modified_gmt`, `post_content_filtered`, `post_parent`, `guid`, `menu_order`, `post_type`, `post_mime_type`, `comment_count`) VALUES
(24, 1, '2010-10-15 16:24:41', '2010-10-15 21:24:41', '<table border="0" width="100%" valign="top">\r\n  <tr>\r\n<table width="100%" style="border-style: solid;border-color: red;border-width:2pt;color:red;">\r\n  <tr>\r\n    <td style="text-align:right;" class="col1data"><span class="stemhd">English entry:</span></td>\r\n    <td style="text-align:left;" class="col2data"><span class="glo">to leave behind</span></td>\r\n	<td class="col2data">&nbsp;</td>\r\n  </tr>\r\n  <tr>\r\n    <td style="text-align:right;" class="col1data"><span class="stemhd">Cherokee:</span></td>\r\n    <td style="text-align:left;" class="col2data"><span  class="def"></span></td>\r\n	<td class="col2data">&nbsp;</td>\r\n  </tr>\r\n  <tr>\r\n    <td style="text-align:right;" class="col1data"><span class="stemhd">Stem:</span></td>\r\n    <td style="text-align:left;" class="col2data"><span  class="stm">''iyv fx</span> <span class="partsp">(vt)</span></td>\r\n	<td class="col2data">&nbsp;</td>\r\n  </tr>\r\n</table>  \r\n  </tr>\r\n\r\n  <tr>\r\n    <td>\r\n<table border="0" width="100%">\r\n  <tr>\r\n    <td class="tableRow">\r\n<table border="0" width="100%">\r\n  <thead>\r\n    <th class="col1head">Syllabary</th>\r\n    <th class="col2head">Phonetics</th>\r\n    <th class="col2head">English</th>\r\n  </thead>\r\n\r\n</table>\r\n    </td>\r\n  </tr>\r\n<!-- SubEntry-tpl.htm - snippet for each subentry -->\r\n  <tr>\r\n    <td class="tableRowPRC">\r\n<table border="0" width="100%">\r\n  <thead>\r\n    <th class="col1head">Present Continuous</th>\r\n    <th class="col2head">&nbsp;</th>\r\n    <th class="col2head">&nbsp;</th>\r\n  </thead>\r\n  <tr>\r\n    <td class="col1data">\r\n<span class="syll"></span>\r\n    </td>\r\n    <td class="col2data">\r\n<span class="exam"></span>\r\n    </td>\r\n    <td class="col2data">\r\n<span class="tran"></span>\r\n    </td>\r\n  </tr>\r\n\r\n</table>\r\n    </td>\r\n  </tr>\r\n<!-- SubEntry-tpl.htm - snippet for each subentry -->\r\n  <tr>\r\n    <td class="tableRowINC">\r\n<table border="0" width="100%">\r\n  <thead>\r\n    <th class="col1head">Incompletive</th>\r\n    <th class="col2head">&nbsp;</th>\r\n    <th class="col2head">&nbsp;</th>\r\n  </thead>\r\n  <tr>\r\n    <td class="col1data">\r\n<span class="syll"></span>\r\n    </td>\r\n    <td class="col2data">\r\n<span class="exam"></span>\r\n    </td>\r\n    <td class="col2data">\r\n<span class="tran"></span>\r\n    </td>\r\n  </tr>\r\n\r\n</table>\r\n    </td>\r\n  </tr>\r\n<!-- SubEntry-tpl.htm - snippet for each subentry -->\r\n  <tr>\r\n    <td class="tableRowIMM">\r\n<table border="0" width="100%">\r\n  <thead>\r\n    <th class="col1head">Immediate</th>\r\n    <th class="col2head">&nbsp;</th>\r\n    <th class="col2head">&nbsp;</th>\r\n  </thead>\r\n  <tr>\r\n    <td class="col1data">\r\n<span class="syll"></span>\r\n    </td>\r\n    <td class="col2data">\r\n<span class="exam"></span>\r\n    </td>\r\n    <td class="col2data">\r\n<span class="tran"></span>\r\n    </td>\r\n  </tr>\r\n\r\n</table>\r\n    </td>\r\n  </tr>\r\n<!-- SubEntry-tpl.htm - snippet for each subentry -->\r\n  <tr>\r\n    <td class="tableRowCMP">\r\n<table border="0" width="100%">\r\n  <thead>\r\n    <th class="col1head">Completive</th>\r\n    <th class="col2head">&nbsp;</th>\r\n    <th class="col2head">&nbsp;</th>\r\n  </thead>\r\n  <tr>\r\n    <td class="col1data">\r\n<span class="syll">ᎠᏕᎳ ᏥᎯᏴ ᎢᏥᏙᏓ</span>\r\n    </td>\r\n    <td class="col2data">\r\n<span class="exam">ateéla jiʔiíyv iitstóhta</span>\r\n    </td>\r\n    <td class="col2data">\r\n<span class="tran"></span>\r\n    </td>\r\n  </tr>\r\n\r\n</table>\r\n    </td>\r\n  </tr>\r\n<!-- SubEntry-tpl.htm - snippet for each subentry -->\r\n  <tr>\r\n    <td class="tableRowDVN">\r\n<table border="0" width="100%">\r\n  <thead>\r\n    <th class="col1head">Deverbal Noun</th>\r\n    <th class="col2head">&nbsp;</th>\r\n    <th class="col2head">&nbsp;</th>\r\n  </thead>\r\n  <tr>\r\n    <td class="col1data">\r\n<span class="syll"></span>\r\n    </td>\r\n    <td class="col2data">\r\n<span class="exam"></span>\r\n    </td>\r\n    <td class="col2data">\r\n<span class="tran"></span>\r\n    </td>\r\n  </tr>\r\n\r\n</table>\r\n    </td>\r\n  </tr>\r\n\r\n  </table>\r\n  </td>\r\n  </tr>\r\n</table>\r\n', ' (''iyv fx)', '', 'publish', 'open', 'open', '', 'iyvfx1.htm', '', '', '2010-10-15 16:24:41', '2010-10-15 21:24:41', '', 0, 'http://www.cnec-edu.org/wp-cherokee/wp-content/uploads/?p=24', 0, 'post', '', 0);
DELETE FROM `cherokee_wordpress`.`wp_terms` ;
INSERT INTO `wp_terms` (`term_id`, `name`, `slug`, `term_group`) VALUES
(1, 'Uncategorized', 'Uncategorized', 0),
(2, 'Semantic', 'Semantic', 0),
(3, 'Part of speech', 'Part of speech', 0),
(4, 'n', 'n', 0),
(5, 'v', 'v', 0),
(6, 'vt', 'vt', 0);
DELETE FROM `cherokee_wordpress`.`wp_term_taxonomy` WHERE `wp_term_taxonomy`.`taxonomy` = "category";
INSERT INTO `wp_term_taxonomy` (`term_taxonomy_id`, `term_id`, `taxonomy`, `description`, `parent`, `count`) VALUES
(10, 2, 'category', '', 0, 0),
(11, 3, 'category', '', 0, 0),
(12, 4, 'category', '', 3, 4),
(13, 5, 'category', '', 3, 11),
(14, 6, 'category', '', 3, 1);
DELETE FROM `cherokee_wordpress`.`wp_term_relationships` WHERE `wp_term_relationships`.`object_id` > 1;
INSERT INTO `wp_term_relationships` (`object_id`, `term_taxonomy_id`, `term_order`) VALUES
(5, 1, 0),
(6, 12, 0),
(7, 1, 0),
(8, 13, 0),
(9, 13, 0),
(10, 13, 0),
(11, 12, 0),
(12, 12, 0),
(13, 13, 0);
INSERT INTO `wp_term_relationships` (`object_id`, `term_taxonomy_id`, `term_order`) VALUES
(14, 1, 0),
(15, 13, 0),
(16, 12, 0),
(17, 13, 0),
(18, 13, 0),
(19, 13, 0),
(20, 13, 0),
(21, 13, 0),
(22, 1, 0),
(23, 13, 0);
INSERT INTO `wp_term_relationships` (`object_id`, `term_taxonomy_id`, `term_order`) VALUES
(24, 14, 0);
