DELETE FROM `wordpress`.`wp_posts` WHERE `wp_posts`.`post_type` = "post";
INSERT INTO `wp_posts` (`ID`, `post_author`, `post_date`, `post_date_gmt`, `post_content`, `post_title`, `post_excerpt`, `post_status`, `comment_status`, `ping_status`, `post_password`, `post_name`, `to_ping`, `pinged`, `post_modified`, `post_modified_gmt`, `post_content_filtered`, `post_parent`, `guid`, `menu_order`, `post_type`, `post_mime_type`, `comment_count`) VALUES
(69, 1, '2012-04-19 15:16:04', '2012-04-19 20:16:04', '<table style="border:medium none white;width:100%;"><tr><td><a href="?p=68"><img src="http://localhost/wordpress/wp-content/icons/ArrowLeft.png" width="32" height="32" border="0" alt="&lt;&#x2014;" /></a></td><td style="text-align:right;"></td></tr></table><div xmlns="http://www.w3.org/1999/xhtml" class="entry" id="hvo1950">\r\n<span class="headword" lang="ggo-Telu-IN" xml:lang="ggo-Telu-IN">-&#3146;&#3120;&#3149;</span>  <span class="pronunciations"><span class="pronunciation" lang="ggo-fonipa-x-emic" xml:lang="ggo-fonipa-x-emic">[<span lang="ggo-fonipa-x-emic" xml:lang="ggo-fonipa-x-emic">or</span></span>]</span> <span class="senses"><span class="sense" id="hvo6750"><span class="grammatical-info"><span class="partofspeech" lang="en" xml:lang="en"><span lang="en" xml:lang="en">vs</span></span> </span> <span class="definition" lang="en" xml:lang="en"><span lang="en" xml:lang="en">3.M.SG</span></span> </span></span>\r\n </div>', ' (-ొర్)', ' (-ొర్)', 'publish', 'open', 'open', '', 'ర1.htm', '', '', '2012-04-19 15:16:04', '2012-04-19 20:16:04', '', 0, 'http://localhost/wordpress/?p=69', 0, 'post', '', 0),
(68, 1, '2012-04-19 15:16:04', '2012-04-19 20:16:04', '<table style="border:medium none white;width:100%;"><tr><td><a href="?p=67"><img src="http://localhost/wordpress/wp-content/icons/ArrowLeft.png" width="32" height="32" border="0" alt="&lt;&#x2014;" /></a></td><td style="text-align:right;"></td></tr></table><div xmlns="http://www.w3.org/1999/xhtml" class="entry" id="hvo3693">\r\n<span class="headword" lang="ggo-Telu-IN" xml:lang="ggo-Telu-IN">-&#3137;&#3120;&#3149;</span>  <span class="pronunciations"><span class="pronunciation" lang="ggo-fonipa-x-emic" xml:lang="ggo-fonipa-x-emic">[<span lang="ggo-fonipa-x-emic" xml:lang="ggo-fonipa-x-emic">ur</span></span>]</span> <span class="senses"><span class="sense" id="hvo3976"><span class="grammatical-info"><span class="partofspeech" lang="en" xml:lang="en"><span lang="en" xml:lang="en">vs</span></span> </span> <span class="definition" lang="en" xml:lang="en"><span lang="en" xml:lang="en">3.M.PL.DIST</span></span> </span></span>\r\n </div>', ' (-ుర్)', ' (-ుర్)', 'publish', 'open', 'open', '', 'ర2.htm', '', '', '2012-04-19 15:16:04', '2012-04-19 20:16:04', '', 0, 'http://localhost/wordpress/?p=68', 0, 'post', '', 0),
(67, 1, '2012-04-19 15:16:04', '2012-04-19 20:16:04', '<table style="border:medium none white;width:100%;"><tr><td><a href="?p=66"><img src="http://localhost/wordpress/wp-content/icons/ArrowLeft.png" width="32" height="32" border="0" alt="&lt;&#x2014;" /></a></td><td style="text-align:right;"><a href="?p=68"><img src="http://localhost/wordpress/wp-content/icons/ArrowRight.png" width="32" height="32" border="0" alt="&#x2014;&gt;" /></a></td></tr></table><div xmlns="http://www.w3.org/1999/xhtml" class="entry" id="hvo5156">\r\n<span class="headword" lang="ggo-Telu-IN" xml:lang="ggo-Telu-IN">-&#3137;&#3112;&#3149;&#8204;</span>  <span class="pronunciations"><span class="pronunciation" lang="ggo-fonipa-x-emic" xml:lang="ggo-fonipa-x-emic">[<span lang="ggo-fonipa-x-emic" xml:lang="ggo-fonipa-x-emic">un&#8204;</span></span>]</span> <span class="senses"><span class="sense" id="hvo7110"><span class="grammatical-info"><span class="partofspeech" lang="en" xml:lang="en"><span lang="en" xml:lang="en">ns</span></span> </span> <span class="definition" lang="en" xml:lang="en"><span lang="en" xml:lang="en">ACC</span></span> </span></span>\r\n </div>', ' (-ున్‌)', ' (-ున్‌)', 'publish', 'open', 'open', '', 'న1.htm', '', '', '2012-04-19 15:16:04', '2012-04-19 20:16:04', '', 0, 'http://localhost/wordpress/?p=67', 0, 'post', '', 0),
(66, 1, '2012-04-19 15:16:04', '2012-04-19 20:16:04', '<table style="border:medium none white;width:100%;"><tr><td><a href="?p=65"><img src="http://localhost/wordpress/wp-content/icons/ArrowLeft.png" width="32" height="32" border="0" alt="&lt;&#x2014;" /></a></td><td style="text-align:right;"><a href="?p=67"><img src="http://localhost/wordpress/wp-content/icons/ArrowRight.png" width="32" height="32" border="0" alt="&#x2014;&gt;" /></a></td></tr></table><div xmlns="http://www.w3.org/1999/xhtml" class="entry" id="hvo1727">\r\n<span class="headword" lang="ggo-Telu-IN" xml:lang="ggo-Telu-IN">-&#3112;&#3149;&#3095;&#3103;&#3122;&#3149;</span>  <span class="pronunciations"><span class="pronunciation" lang="ggo-fonipa-x-emic" xml:lang="ggo-fonipa-x-emic">[<span lang="ggo-fonipa-x-emic" xml:lang="ggo-fonipa-x-emic">nga&#7789;al</span></span>]</span> <span class="senses"><span class="sense" id="hvo6391"/></span>\r\n </div>', ' (-న్గటల్)', ' (-న్గటల్)', 'publish', 'open', 'open', '', 'నగటల1.htm', '', '', '2012-04-19 15:16:04', '2012-04-19 20:16:04', '', 0, 'http://localhost/wordpress/?p=66', 0, 'post', '', 0),
(65, 1, '2012-04-19 15:16:04', '2012-04-19 20:16:04', '<table style="border:medium none white;width:100%;"><tr><td><a href="?p=64"><img src="http://localhost/wordpress/wp-content/icons/ArrowLeft.png" width="32" height="32" border="0" alt="&lt;&#x2014;" /></a></td><td style="text-align:right;"><a href="?p=66"><img src="http://localhost/wordpress/wp-content/icons/ArrowRight.png" width="32" height="32" border="0" alt="&#x2014;&gt;" /></a></td></tr></table><div xmlns="http://www.w3.org/1999/xhtml" class="entry" id="hvo8640">\r\n<span class="headword" lang="ggo-Telu-IN" xml:lang="ggo-Telu-IN">-&#3112;&#3149;&#3095;</span>  <span class="pronunciations"><span class="pronunciation" lang="ggo-fonipa-x-emic" xml:lang="ggo-fonipa-x-emic">[<span lang="ggo-fonipa-x-emic" xml:lang="ggo-fonipa-x-emic">nga</span></span>]</span> <span class="senses"><span class="sense" id="hvo3153"/></span>\r\n </div>', ' (-న్గ)', ' (-న్గ)', 'publish', 'open', 'open', '', 'నగ1.htm', '', '', '2012-04-19 15:16:04', '2012-04-19 20:16:04', '', 0, 'http://localhost/wordpress/?p=65', 0, 'post', '', 0),
(64, 1, '2012-04-19 15:16:04', '2012-04-19 20:16:04', '<table style="border:medium none white;width:100%;"><tr><td><a href="?p=63"><img src="http://localhost/wordpress/wp-content/icons/ArrowLeft.png" width="32" height="32" border="0" alt="&lt;&#x2014;" /></a></td><td style="text-align:right;"><a href="?p=65"><img src="http://localhost/wordpress/wp-content/icons/ArrowRight.png" width="32" height="32" border="0" alt="&#x2014;&gt;" /></a></td></tr></table><div xmlns="http://www.w3.org/1999/xhtml" class="entry" id="hvo2438">\r\n<span class="headword" lang="ggo-Telu-IN" xml:lang="ggo-Telu-IN">&#3077;&#3105;&#3149;&#3105;&#3074;&#3125;&#3105;&#3135;</span>  <span class="pronunciations"><span class="pronunciation" lang="ggo-fonipa-x-emic" xml:lang="ggo-fonipa-x-emic">[<span lang="ggo-fonipa-x-emic" xml:lang="ggo-fonipa-x-emic">a&#7693;&#7693;anva&#7693;i</span></span>]</span> <span class="senses"><span class="sense" id="hvo4258"><span class="definition" lang="en" xml:lang="en"><span lang="en" xml:lang="en">air coming across</span></span> <span class="LexSense-publishStem-GlossPub_L3" lang="te" xml:lang="te"><span lang="te" xml:lang="te">&#3077;&#3105;&#3149;&#3105;&#3074;&#3095;&#3134; &#3125;&#3098;&#3149;&#3098;&#3143; &#3095;&#3134;&#3122;&#3135;</span></span><span class="examples"><span class="example" lang="ggo-Telu-IN" xml:lang="ggo-Telu-IN"><span lang="ggo-Telu-IN" xml:lang="ggo-Telu-IN">&#3112;&#3135;&#3112;&#3149;&#3112;&#3142;&#3108;&#3122;&#3149; &#3077;&#3105;&#3149;&#3105;&#3074;&#3125;&#3105;&#3135; &#3125;&#3134;&#3128;&#3142;&#3120;&#3149; &#3118;&#3074;&#3108;.</span></span> <span class="translations"><span class="translation_L3" lang="te" xml:lang="te"><span lang="te" xml:lang="te">&#3112;&#3135;&#3112;&#3149;&#3112;&#3103;&#3135; &#3112;&#3137;&#3074;&#3105;&#3135; &#3077;&#3105;&#3149;&#3105;&#3074;&#3095;&#3134; &#3095;&#3134;&#3122;&#3135; &#3125;&#3128;&#3149;&#3108;&#3137;&#3074;&#3110;&#3135;.</span></span></span></span> <span class="semantic-domains">(sem. domains: <span class="semantic-domain-abbr" lang="en" xml:lang="en"><span lang="en" xml:lang="en">1.1.3.1</span></span> - <span class="semantic-domain-name" lang="en" xml:lang="en"><span lang="en" xml:lang="en">Wind</span></span></span>.) </span></span>\r\n </div>', ' (అడ్డంవడి)', ' (అడ్డంవడి)', 'publish', 'open', 'open', '', 'అడడవడ1.htm', '', '', '2012-04-19 15:16:04', '2012-04-19 20:16:04', '', 0, 'http://localhost/wordpress/?p=64', 0, 'post', '', 0),
(63, 1, '2012-04-19 15:16:04', '2012-04-19 20:16:04', '<table style="border:medium none white;width:100%;"><tr><td><a href="?p=62"><img src="http://localhost/wordpress/wp-content/icons/ArrowLeft.png" width="32" height="32" border="0" alt="&lt;&#x2014;" /></a></td><td style="text-align:right;"><a href="?p=64"><img src="http://localhost/wordpress/wp-content/icons/ArrowRight.png" width="32" height="32" border="0" alt="&#x2014;&gt;" /></a></td></tr></table><div xmlns="http://www.w3.org/1999/xhtml" class="entry" id="hvo9465">\r\n<span class="headword" lang="ggo-Telu-IN" xml:lang="ggo-Telu-IN">&#3077;&#3105;&#3149;&#3105;&#3118;&#3149; &#3078;</span>  <span class="pronunciations"><span class="pronunciation" lang="ggo-fonipa-x-emic" xml:lang="ggo-fonipa-x-emic">[<span lang="ggo-fonipa-x-emic" xml:lang="ggo-fonipa-x-emic">a&#7693;&#7693;am &#257;-</span></span>]</span> <span class="senses"><span class="sense"><span class="grammatical-info"><span class="partofspeech" lang="en" xml:lang="en"><span lang="en" xml:lang="en">v</span></span> </span> </span><span class="xsensenumber">1</span>) <span class="sense" id="hvo1900"><span class="definition" lang="en" xml:lang="en"><span lang="en" xml:lang="en">object</span></span> <span class="LexSense-publishStem-GlossPub_L3" lang="te" xml:lang="te"><span class="xitem" lang="te" xml:lang="te"><span lang="te" xml:lang="te">&#3077;&#3105;&#3149;&#3105;&#3137;&#3093;&#3147;</span></span><span class="xitem" lang="hi" xml:lang="hi"><span lang="hi" xml:lang="hi">&#2352;&#2379;&#2325;; &#2348;&#2368;&#2330; &#2350;&#2375;&#2306; &#2346;&#2337;</span></span></span><span class="examples"><span class="example" lang="ggo-Telu-IN" xml:lang="ggo-Telu-IN"><span lang="ggo-Telu-IN" xml:lang="ggo-Telu-IN">&#3116;&#3134;&#3116;&#3122;&#3149; &#3116;&#3119;&#3149;&#3119;&#3142;&#3112;&#3149; &#3114;&#3134;&#3112;&#3142;&#3093;&#3142; &#3093;&#3134;&#3074;&#3105;&#3135; &#3077;&#3105;&#3149;&#3105;&#3118;&#3149; &#3078;&#3108;&#3146;&#3120;&#3149;.</span></span> <span class="translations"><span class="translation_L3" lang="te" xml:lang="te"><span lang="te" xml:lang="te">&#3112;&#3134;&#3112; &#3077;&#3118;&#3149;&#3118;&#3112;&#3137; &#3093;&#3146;&#3103;&#3149;&#3103;&#3143; &#3103;&#3114;&#3149;&#3114;&#3137;&#3105;&#3137; &#3093;&#3146;&#3105;&#3137;&#3093;&#3137; &#3077;&#3105;&#3149;&#3105;&#3137;&#3093;&#3137;&#3112;&#3149;&#3112;&#3134;&#3105;&#3137;.</span></span></span></span> <span class="semantic-domains">(sem. domains: <span class="semantic-domain-abbr" lang="en" xml:lang="en"><span lang="en" xml:lang="en">3.3.1.1</span></span> - <span class="semantic-domain-name" lang="en" xml:lang="en"><span lang="en" xml:lang="en">Purpose, goal</span></span></span>.) </span><span class="xsensenumber">2</span>) <span class="sense" id="hvo4381"><span class="definition" lang="en" xml:lang="en"><span lang="en" xml:lang="en">obstruct</span></span> <span class="LexSense-publishStem-GlossPub_L3" lang="te" xml:lang="te"><span class="xitem" lang="te" xml:lang="te"><span lang="te" xml:lang="te">&#3077;&#3105;&#3149;&#3105;&#3095;&#3135;&#3074;&#3098;&#3137;</span></span><span class="xitem" lang="hi" xml:lang="hi"><span lang="hi" xml:lang="hi">&#2352;&#2379;&#2325;; &#2350;&#2344;&#2366; &#2325;&#2352;</span></span></span><span class="examples"><span class="example" lang="ggo-Telu-IN" xml:lang="ggo-Telu-IN"><span lang="ggo-Telu-IN" xml:lang="ggo-Telu-IN">&#3112;&#3135;&#3118;&#3149;&#3118;&#3142; &#3110;&#3120;&#3149;&#3116;&#3120;&#3149;&#8204;&#3108;&#3142; &#3077;&#3105;&#3149;&#3105;&#3118;&#3149; &#3077;&#3128;&#3149;&#3128;&#3135; &#3125;&#3105;&#3149;&#3093;&#3149;&#8204;&#3118;&#3134;.</span></span> <span class="translations"><span class="translation_L3" lang="te" xml:lang="te"><span lang="te" xml:lang="te">&#3112;&#3137;&#3125;&#3149;&#3125;&#3137; &#3093;&#3138;&#3120;&#3149;&#3098;&#3147;&#3125;&#3105;&#3074; &#3093;&#3112;&#3149;&#3112;&#3134; &#3077;&#3105;&#3149;&#3105;&#3074;&#3095;&#3134; &#3118;&#3134;&#3103;&#3149;&#3122;&#3134;&#3105;&#3093;&#3137;.</span></span></span></span> <span class="semantic-domains">(sem. domains: <span class="semantic-domain-abbr" lang="en" xml:lang="en"><span lang="en" xml:lang="en">4.7</span></span> - <span class="semantic-domain-name" lang="en" xml:lang="en"><span lang="en" xml:lang="en">Law</span></span></span>.) </span></span>\r\n </div>', ' (అడ్డమ్ ఆ)', ' (అడ్డమ్ ఆ)', 'publish', 'open', 'open', '', 'అడడమఆ1.htm', '', '', '2012-04-19 15:16:04', '2012-04-19 20:16:04', '', 0, 'http://localhost/wordpress/?p=63', 0, 'post', '', 0),
(62, 1, '2012-04-19 15:16:04', '2012-04-19 20:16:04', '<table style="border:medium none white;width:100%;"><tr><td><a href="?p=61"><img src="http://localhost/wordpress/wp-content/icons/ArrowLeft.png" width="32" height="32" border="0" alt="&lt;&#x2014;" /></a></td><td style="text-align:right;"><a href="?p=63"><img src="http://localhost/wordpress/wp-content/icons/ArrowRight.png" width="32" height="32" border="0" alt="&#x2014;&gt;" /></a></td></tr></table><div xmlns="http://www.w3.org/1999/xhtml" class="entry" id="hvo3906">\r\n<span class="headword" lang="ggo-Telu-IN" xml:lang="ggo-Telu-IN">&#3077;&#3105;&#3149;&#3105;&#3118;&#3149;</span>  <span class="pronunciations"><span class="pronunciation" lang="ggo-fonipa-x-emic" xml:lang="ggo-fonipa-x-emic">[<span lang="ggo-fonipa-x-emic" xml:lang="ggo-fonipa-x-emic">a&#7693;&#7693;am</span></span>]</span> <span class="senses"><span class="sense" id="hvo8676"><span class="grammatical-info"><span class="partofspeech" lang="en" xml:lang="en"><span lang="en" xml:lang="en">adv</span></span> </span> <span class="definition" lang="en" xml:lang="en"><span lang="en" xml:lang="en">across.</span></span> <span class="LexSense-publishStem-GlossPub_L3" lang="te" xml:lang="te"><span class="xitem" lang="te" xml:lang="te"><span lang="te" xml:lang="te">&#3077;&#3105;&#3149;&#3105;&#3118;&#3137;&#3095;&#3134;</span></span><span class="xitem" lang="hi" xml:lang="hi"><span lang="hi" xml:lang="hi">&#2310;&#2337;&#2366;</span></span></span><span class="examples"><span class="example" lang="ggo-Telu-IN" xml:lang="ggo-Telu-IN"><span lang="ggo-Telu-IN" xml:lang="ggo-Telu-IN">&#3114;&#3147;&#3105;&#3149;&#3110;&#3137;&#3112;&#3149; &#3077;&#3105;&#3149;&#3105;&#3118;&#3149; &#3103;&#3142;&#3114;&#3149;&#3114; &#3078;&#3108;.</span></span> <span class="translations"><span class="translation_L3" lang="te" xml:lang="te"><span lang="te" xml:lang="te">&#3128;&#3138;&#3120;&#3149;&#3119;&#3137;&#3112;&#3135;&#3093;&#3135; &#3077;&#3105;&#3149;&#3105;&#3118;&#3137;&#3095;&#3134; &#3118;&#3143;&#3096;&#3074; &#3125;&#3098;&#3149;&#3098;&#3135;&#3074;&#3110;&#3135;.</span></span></span></span> </span></span>\r\n </div>', ' (అడ్డమ్)', ' (అడ్డమ్)', 'publish', 'open', 'open', '', 'అడడమ1.htm', '', '', '2012-04-19 15:16:04', '2012-04-19 20:16:04', '', 0, 'http://localhost/wordpress/?p=62', 0, 'post', '', 0),
(61, 1, '2012-04-19 15:16:04', '2012-04-19 20:16:04', '<table style="border:medium none white;width:100%;"><tr><td><a href="?p=60"><img src="http://localhost/wordpress/wp-content/icons/ArrowLeft.png" width="32" height="32" border="0" alt="&lt;&#x2014;" /></a></td><td style="text-align:right;"><a href="?p=62"><img src="http://localhost/wordpress/wp-content/icons/ArrowRight.png" width="32" height="32" border="0" alt="&#x2014;&gt;" /></a></td></tr></table><div xmlns="http://www.w3.org/1999/xhtml" class="entry" id="hvo4098">\r\n<span class="headword" lang="ggo-Telu-IN" xml:lang="ggo-Telu-IN">&#3077;&#3105;&#3149;&#3105;&#3116;&#3137;&#3105;&#3149;&#3105;</span>  <span class="pronunciations"><span class="pronunciation" lang="ggo-fonipa-x-emic" xml:lang="ggo-fonipa-x-emic">[<span lang="ggo-fonipa-x-emic" xml:lang="ggo-fonipa-x-emic">a&#7693;&#7693;abu&#7693;&#7693;a</span></span>]</span> <span class="senses"><span class="sense" id="hvo5770"><span class="grammatical-info"><span class="partofspeech" lang="en" xml:lang="en"><span lang="en" xml:lang="en">adj</span></span> </span> <span class="definition" lang="en" xml:lang="en"><span lang="en" xml:lang="en">blockage</span></span> <span class="LexSense-publishStem-GlossPub_L3" lang="te" xml:lang="te"><span class="xitem" lang="te" xml:lang="te"><span lang="te" xml:lang="te">&#3077;&#3105;&#3149;&#3105;&#3110;&#3135;&#3105;&#3149;&#3105;&#3118;&#3144;&#3112;</span></span><span class="xitem" lang="hi" xml:lang="hi"><span lang="hi" xml:lang="hi">&#2348;&#2366;&#2343;&#2366; &#2342;&#2375;&#2344;&#2375; &#2357;&#2366;&#2354;&#2366;</span></span></span><span class="examples"><span class="example" lang="ggo-Telu-IN" xml:lang="ggo-Telu-IN"><span lang="ggo-Telu-IN" xml:lang="ggo-Telu-IN">&#3093;&#3134;&#3118;&#3149; &#3093;&#3136;&#3119;&#3149;&#3112;&#3142;&#3093;&#3142; &#3078;&#3105; &#3116;&#3137;&#3105;&#3149;&#3105; &#3077;&#3119;&#3149;&#3125;.</span></span> <span class="translations"><span class="translation_L3" lang="te" xml:lang="te"><span lang="te" xml:lang="te">&#3114;&#3112;&#3135; &#3098;&#3143;&#3128;&#3143;&#3103;&#3114;&#3149;&#3114;&#3137;&#3105;&#3137; &#3077;&#3105;&#3149;&#3105;&#3110;&#3135;&#3105;&#3149;&#3105;&#3118;&#3137;&#3095;&#3134; &#3120;&#3134;&#3125;&#3110;&#3149;&#3110;&#3137;.</span></span></span></span> </span></span>\r\n </div>', ' (అడ్డబుడ్డ)', ' (అడ్డబుడ్డ)', 'publish', 'open', 'open', '', 'అడడబడడ1.htm', '', '', '2012-04-19 15:16:04', '2012-04-19 20:16:04', '', 0, 'http://localhost/wordpress/?p=61', 0, 'post', '', 0);
INSERT INTO `wp_posts` (`ID`, `post_author`, `post_date`, `post_date_gmt`, `post_content`, `post_title`, `post_excerpt`, `post_status`, `comment_status`, `ping_status`, `post_password`, `post_name`, `to_ping`, `pinged`, `post_modified`, `post_modified_gmt`, `post_content_filtered`, `post_parent`, `guid`, `menu_order`, `post_type`, `post_mime_type`, `comment_count`) VALUES
(60, 1, '2012-04-19 15:16:04', '2012-04-19 20:16:04', '<table style="border:medium none white;width:100%;"><tr><td><a href="?p=59"><img src="http://localhost/wordpress/wp-content/icons/ArrowLeft.png" width="32" height="32" border="0" alt="&lt;&#x2014;" /></a></td><td style="text-align:right;"><a href="?p=61"><img src="http://localhost/wordpress/wp-content/icons/ArrowRight.png" width="32" height="32" border="0" alt="&#x2014;&gt;" /></a></td></tr></table><div xmlns="http://www.w3.org/1999/xhtml" class="entry" id="hvo752">\r\n<span class="headword" lang="ggo-Telu-IN" xml:lang="ggo-Telu-IN">&#3077;&#3105;&#3149;&#3105;&#3074;&#3077;&#3128;&#3135;</span>  <span class="pronunciations"><span class="pronunciation" lang="ggo-fonipa-x-emic" xml:lang="ggo-fonipa-x-emic">[<span lang="ggo-fonipa-x-emic" xml:lang="ggo-fonipa-x-emic">a&#7693;&#7693;a&#7745;asi</span></span>]</span> <span class="senses"><span class="sense" id="hvo3187"/></span>\r\n </div>', ' (అడ్డంఅసి)', ' (అడ్డంఅసి)', 'publish', 'open', 'open', '', 'అడడఅస1.htm', '', '', '2012-04-19 15:16:04', '2012-04-19 20:16:04', '', 0, 'http://localhost/wordpress/?p=60', 0, 'post', '', 0),
(59, 1, '2012-04-19 15:16:04', '2012-04-19 20:16:04', '<table style="border:medium none white;width:100%;"><tr><td><a href="?p=58"><img src="http://localhost/wordpress/wp-content/icons/ArrowLeft.png" width="32" height="32" border="0" alt="&lt;&#x2014;" /></a></td><td style="text-align:right;"><a href="?p=60"><img src="http://localhost/wordpress/wp-content/icons/ArrowRight.png" width="32" height="32" border="0" alt="&#x2014;&gt;" /></a></td></tr></table><div xmlns="http://www.w3.org/1999/xhtml" class="entry" id="hvo4491">\r\n<span class="headword" lang="ggo-Telu-IN" xml:lang="ggo-Telu-IN">&#3077;&#3105;&#3074;&#3108;&#3146;&#3120;&#3149;</span>  <span class="pronunciations"><span class="pronunciation" lang="ggo-fonipa-x-emic" xml:lang="ggo-fonipa-x-emic">[<span lang="ggo-fonipa-x-emic" xml:lang="ggo-fonipa-x-emic">a&#7693;antor</span></span>]</span> <span class="senses"><span class="sense" id="hvo10508"><span class="grammatical-info"><span class="partofspeech" lang="en" xml:lang="en"><span lang="en" xml:lang="en">n</span></span> </span> <span class="definition" lang="en" xml:lang="en"><span lang="en" xml:lang="en">crying</span></span> <span class="LexSense-publishStem-GlossPub_L3" lang="te" xml:lang="te"><span lang="te" xml:lang="te">&#3087;&#3105;&#3149;&#3125;&#3105;&#3074;</span></span><span class="examples"><span class="example" lang="ggo-Telu-IN" xml:lang="ggo-Telu-IN"><span lang="ggo-Telu-IN" xml:lang="ggo-Telu-IN">&#3093;&#3134;&#3074;&#3105;&#3135;&#3120;&#3149; &#3114;&#3137;&#3103;&#3149;&#3108; &#3116;&#3120;&#3146;&#3116;&#3120;&#3149; &#3077;&#3105;&#3074;&#3108;&#3142;&#3120;&#3149;.</span></span> <span class="translations"><span class="translation_L3" lang="te" xml:lang="te"><span lang="te" xml:lang="te">&#3114;&#3135;&#3122;&#3149;&#3122;&#3122;&#3137; &#3114;&#3137;&#3103;&#3149;&#3103;&#3135;&#3112;&#3114;&#3149;&#3114;&#3137;&#3105;&#3137; &#3087;&#3105;&#3137;&#3128;&#3149;&#3108;&#3134;&#3120;&#3137;.</span></span></span></span> <span class="semantic-domains">(sem. domains: <span class="semantic-domain-abbr" lang="en" xml:lang="en"><span lang="en" xml:lang="en">2.6.4.1</span></span> - <span class="semantic-domain-name" lang="en" xml:lang="en"><span lang="en" xml:lang="en">Baby</span></span></span>.) </span></span>\r\n </div>', ' (అడంతొర్)', ' (అడంతొర్)', 'publish', 'open', 'open', '', 'అడతర1.htm', '', '', '2012-04-19 15:16:04', '2012-04-19 20:16:04', '', 0, 'http://localhost/wordpress/?p=59', 0, 'post', '', 0),
(58, 1, '2012-04-19 15:16:04', '2012-04-19 20:16:04', '<table style="border:medium none white;width:100%;"><tr><td><a href="?p=57"><img src="http://localhost/wordpress/wp-content/icons/ArrowLeft.png" width="32" height="32" border="0" alt="&lt;&#x2014;" /></a></td><td style="text-align:right;"><a href="?p=59"><img src="http://localhost/wordpress/wp-content/icons/ArrowRight.png" width="32" height="32" border="0" alt="&#x2014;&gt;" /></a></td></tr></table><div xmlns="http://www.w3.org/1999/xhtml" class="entry" id="hvo1176">\r\n<div class="pictureRight"><img class="picture" src="Pictures/Kitchen Cooking.tif" alt="Pictures/Kitchen Cooking.tif"/><div class="pictureCaption"><div class="CmPicture-publishStemPile-ThumbnailPub">\r\n</div>\r\n <span class="pictureLabel" lang="en" xml:lang="en"><span lang="en" xml:lang="en">Kitchen Cooking</span></span></div></div>\r\n<span class="headword" lang="ggo-Telu-IN" xml:lang="ggo-Telu-IN">&#3077;&#3103;&#3149;&#3125;&#3122;&#3149;</span>  <span class="pronunciations"><span class="pronunciation" lang="ggo-fonipa-x-emic" xml:lang="ggo-fonipa-x-emic">[<span lang="ggo-fonipa-x-emic" xml:lang="ggo-fonipa-x-emic">a&#7789;val</span></span>]</span> <span class="senses"><span class="sense" id="hvo4468"><span class="LexSense-publishStem-GlossPub_L3" lang="te" xml:lang="te"><span lang="te" xml:lang="te">&#3125;&#3074;&#3103; &#3098;&#3143;&#3119;&#3137;&#3103;</span></span><span class="examples"><span class="example" lang="ggo-Telu-IN" xml:lang="ggo-Telu-IN"><span lang="ggo-Telu-IN" xml:lang="ggo-Telu-IN">&#3108;&#3135;&#3074;&#3110;&#3112;&#3149; &#3128;&#3134;&#3103;&#3135; &#3120;&#3147;&#3100;&#3135; &#3095;&#3134;&#3103;&#3147;&#3074;&#3095;&#3149; &#3093;&#3137;&#3128;&#3149;&#3120;&#3135;&#3074;&#3095;&#3149; &#3077;&#3103;&#3149;&#3125;&#3122;&#3149;.</span></span> <span class="translations"><span class="translation_L3" lang="te" xml:lang="te"><span lang="te" xml:lang="te">&#3108;&#3135;&#3112;&#3105;&#3134;&#3112;&#3135;&#3093;&#3135; &#3120;&#3147;&#3100;&#3137; &#3077;&#3112;&#3149;&#3112;&#3118;&#3137; &#3093;&#3138;&#3120;&#3122;&#3137; &#3125;&#3074;&#3103; &#3098;&#3143;&#3119;&#3105;&#3074;.</span></span></span></span> <span class="semantic-domains">(sem. domains: <span class="xitem"><span class="semantic-domain-abbr" lang="en" xml:lang="en"><span lang="en" xml:lang="en">5.2.3.3</span></span> - <span class="semantic-domain-name" lang="en" xml:lang="en"><span lang="en" xml:lang="en">Cooking ingredients</span></span></span><span class="xitem">, <span class="semantic-domain-abbr" lang="en" xml:lang="en"><span lang="en" xml:lang="en">5.5.5</span></span> - <span class="semantic-domain-name" lang="en" xml:lang="en"><span lang="en" xml:lang="en">What fires produce</span></span></span><span class="xitem">, <span class="semantic-domain-abbr" lang="en" xml:lang="en"><span lang="en" xml:lang="en">5.2.3.4</span></span> - <span class="semantic-domain-name" lang="en" xml:lang="en"><span lang="en" xml:lang="en">Prepared food</span></span></span></span>.) </span></span>\r\n </div>', ' (అట్వల్)', ' (అట్వల్)', 'publish', 'open', 'open', '', 'అటవల1.htm', '', '', '2012-04-19 15:16:04', '2012-04-19 20:16:04', '', 0, 'http://localhost/wordpress/?p=58', 0, 'post', '', 0),
(57, 1, '2012-04-19 15:16:04', '2012-04-19 20:16:04', '<table style="border:medium none white;width:100%;"><tr><td><a href="?p=56"><img src="http://localhost/wordpress/wp-content/icons/ArrowLeft.png" width="32" height="32" border="0" alt="&lt;&#x2014;" /></a></td><td style="text-align:right;"><a href="?p=58"><img src="http://localhost/wordpress/wp-content/icons/ArrowRight.png" width="32" height="32" border="0" alt="&#x2014;&gt;" /></a></td></tr></table><div xmlns="http://www.w3.org/1999/xhtml" class="entry" id="hvo6764">\r\n<span class="headword" lang="ggo-Telu-IN" xml:lang="ggo-Telu-IN">&#3077;&#3103;&#3149;&#3122;&#3134;&#3074;&#3103;&#3135;&#3093;&#3149; &#3128;&#3118;&#3149;&#3110;&#3137;&#3120;&#3149;</span>  <span class="pronunciations"><span class="pronunciation" lang="ggo-fonipa-x-emic" xml:lang="ggo-fonipa-x-emic">[<span lang="ggo-fonipa-x-emic" xml:lang="ggo-fonipa-x-emic">a&#7789;l&#257;&#7751;&#7789;ik samdur</span></span>]</span> <span class="senses"><span class="sense" id="hvo3542"><span class="LexSense-publishStem-GlossPub_L3" lang="te" xml:lang="te"><span lang="te" xml:lang="te">&#3077;&#3103;&#3149;&#3122;&#3134;&#3074;&#3103;&#3135;&#3093;&#3149; &#3118;&#3129;&#3134; &#3128;&#3118;&#3137;&#3110;&#3149;&#3120;&#3074;</span></span><span class="semantic-domains">(sem. domains: <span class="semantic-domain-abbr" lang="en" xml:lang="en"><span lang="en" xml:lang="en">1.3.1.1</span></span> - <span class="semantic-domain-name" lang="en" xml:lang="en"><span lang="en" xml:lang="en">Ocean, lake</span></span></span>.) </span></span>\r\n </div>', ' (అట్లాంటిక్ సమ్దుర్)', ' (అట్లాంటిక్ సమ్దుర్)', 'publish', 'open', 'open', '', 'అటలటకసమదర1.htm', '', '', '2012-04-19 15:16:04', '2012-04-19 20:16:04', '', 0, 'http://localhost/wordpress/?p=57', 0, 'post', '', 0),
(56, 1, '2012-04-19 15:16:04', '2012-04-19 20:16:04', '<table style="border:medium none white;width:100%;"><tr><td><a href="?p=55"><img src="http://localhost/wordpress/wp-content/icons/ArrowLeft.png" width="32" height="32" border="0" alt="&lt;&#x2014;" /></a></td><td style="text-align:right;"><a href="?p=57"><img src="http://localhost/wordpress/wp-content/icons/ArrowRight.png" width="32" height="32" border="0" alt="&#x2014;&gt;" /></a></td></tr></table><div xmlns="http://www.w3.org/1999/xhtml" class="entry" id="hvo10523">\r\n<span class="headword" lang="ggo-Telu-IN" xml:lang="ggo-Telu-IN">&#3077;&#3103;&#3149;&#3120;</span>  <span class="pronunciations"><span class="pronunciation" lang="ggo-fonipa-x-emic" xml:lang="ggo-fonipa-x-emic">[<span lang="ggo-fonipa-x-emic" xml:lang="ggo-fonipa-x-emic">a&#7789;ra</span></span>]</span> <span class="senses"><span class="sense" id="hvo8962"><span class="grammatical-info"><span class="partofspeech" lang="en" xml:lang="en"><span lang="en" xml:lang="en">num</span></span> </span> <span class="definition" lang="en" xml:lang="en"><span lang="en" xml:lang="en">eighteen.</span></span> <span class="LexSense-publishStem-GlossPub_L3" lang="te" xml:lang="te"><span class="xitem" lang="te" xml:lang="te"><span lang="te" xml:lang="te">(18) &#3114;&#3110;&#3149;&#3110;&#3142;&#3112;&#3135;&#3118;&#3135;&#3110;&#3135;</span></span><span class="xitem" lang="hi" xml:lang="hi"><span lang="hi" xml:lang="hi">&#2309;&#2336;&#2366;&#2352;&#2361;</span></span></span><span class="examples"><span class="example" lang="ggo-Telu-IN" xml:lang="ggo-Telu-IN"><span lang="ggo-Telu-IN" xml:lang="ggo-Telu-IN">&#3125;&#3147;&#3120;&#3149;- &#3112;&#3134;&#3093;&#3137;&#3112;&#3149; &#3077;&#3103;&#3149;&#3120; &#3129;&#3100;&#3120;&#3149; &#3093;&#3146;&#3108;&#3149;&#3108;&#3074;&#3095;&#3149; &#3128;&#3135;&#3119;&#3112;.</span></span> <span class="translations"><span class="translation_L3" lang="te" xml:lang="te"><span lang="te" xml:lang="te">&#3077;&#3108;&#3112;&#3137; &#3112;&#3134;&#3093;&#3137; &#3114;&#3110;&#3149;&#3110;&#3142;&#3112;&#3135;&#3118;&#3135;&#3110;&#3135; &#3125;&#3143;&#3122;&#3137; &#3079;&#3125;&#3149;&#3125;&#3134;&#3122;&#3135;.</span></span></span></span> <span class="semantic-domains">(sem. domains: <span class="semantic-domain-abbr" lang="en" xml:lang="en"><span lang="en" xml:lang="en">8.1.1.1</span></span> - <span class="semantic-domain-name" lang="en" xml:lang="en"><span lang="en" xml:lang="en">Cardinal numbers</span></span></span>.) </span></span>\r\n </div>', ' (అట్ర)', ' (అట్ర)', 'publish', 'open', 'open', '', 'అటర1.htm', '', '', '2012-04-19 15:16:04', '2012-04-19 20:16:04', '', 0, 'http://localhost/wordpress/?p=56', 0, 'post', '', 0),
(55, 1, '2012-04-19 15:16:04', '2012-04-19 20:16:04', '<table style="border:medium none white;width:100%;"><tr><td><a href="?p=54"><img src="http://localhost/wordpress/wp-content/icons/ArrowLeft.png" width="32" height="32" border="0" alt="&lt;&#x2014;" /></a></td><td style="text-align:right;"><a href="?p=56"><img src="http://localhost/wordpress/wp-content/icons/ArrowRight.png" width="32" height="32" border="0" alt="&#x2014;&gt;" /></a></td></tr></table><div xmlns="http://www.w3.org/1999/xhtml" class="entry" id="hvo719">\r\n<span class="headword" lang="ggo-Telu-IN" xml:lang="ggo-Telu-IN">&#3077;&#3103;&#3149;&#3119;&#3134;&#3112;&#3149;&#3128;&#3136;</span>  <span class="pronunciations"><span class="pronunciation" lang="ggo-fonipa-x-emic" xml:lang="ggo-fonipa-x-emic">[<span lang="ggo-fonipa-x-emic" xml:lang="ggo-fonipa-x-emic">a&#7789;y&#257;ns&#299;</span></span>]</span> <span class="senses"><span class="sense" id="hvo7940"><span class="grammatical-info"><span class="partofspeech" lang="en" xml:lang="en"><span lang="en" xml:lang="en">num</span></span> </span> <span class="definition" lang="en" xml:lang="en"><span lang="en" xml:lang="en">eighty-eight.</span></span> <span class="LexSense-publishStem-GlossPub_L3" lang="te" xml:lang="te"><span class="xitem" lang="te" xml:lang="te"><span lang="te" xml:lang="te">(88) &#3086;&#3112;&#3117;&#3144; &#3086;&#3112;&#3135;&#3118;&#3135;&#3110;&#3135;</span></span><span class="xitem" lang="hi" xml:lang="hi"><span lang="hi" xml:lang="hi">&#2309;&#2335;&#2381;&#8204;&#2336;&#2366;&#2360;&#2368;</span></span></span><span class="examples"><span class="example" lang="ggo-Telu-IN" xml:lang="ggo-Telu-IN"><span lang="ggo-Telu-IN" xml:lang="ggo-Telu-IN">#&#3118;&#3134;&#3112;&#3134;&#3103;&#3142; &#3077;&#3103;&#3149;&#3103;&#3134;&#3112;&#3149;&#3128;&#3135; &#3129;&#3100;&#3120;&#3149; &#3108; &#3093;&#3134;&#3118;&#3149; &#3118;&#3074;&#3100;&#3137;&#3120;&#3149; &#3078;&#3108;.</span></span> <span class="translations"><span class="translation_L3" lang="te" xml:lang="te"><span lang="te" xml:lang="te">#&#3118;&#3134; &#3082;&#3120;&#3135;&#3122;&#3147; (85) &#3086;&#3112;&#3117;&#3144; &#3086;&#3112;&#3135;&#3118;&#3135;&#3110;&#3135; &#3125;&#3143;&#3122; &#3114;&#3112;&#3135; &#3118;&#3074;&#3100;&#3138;&#3120;&#3137; &#3088;&#3112;&#3110;&#3135;.</span></span></span></span> <span class="semantic-domains">(sem. domains: <span class="semantic-domain-abbr" lang="en" xml:lang="en"><span lang="en" xml:lang="en">8.1.1.1</span></span> - <span class="semantic-domain-name" lang="en" xml:lang="en"><span lang="en" xml:lang="en">Cardinal numbers</span></span></span>.) </span></span>\r\n </div>', ' (అట్యాన్సీ)', ' (అట్యాన్సీ)', 'publish', 'open', 'open', '', 'అటయనస1.htm', '', '', '2012-04-19 15:16:04', '2012-04-19 20:16:04', '', 0, 'http://localhost/wordpress/?p=55', 0, 'post', '', 0),
(54, 1, '2012-04-19 15:16:04', '2012-04-19 20:16:04', '<table style="border:medium none white;width:100%;"><tr><td><a href="?p=53"><img src="http://localhost/wordpress/wp-content/icons/ArrowLeft.png" width="32" height="32" border="0" alt="&lt;&#x2014;" /></a></td><td style="text-align:right;"><a href="?p=55"><img src="http://localhost/wordpress/wp-content/icons/ArrowRight.png" width="32" height="32" border="0" alt="&#x2014;&gt;" /></a></td></tr></table><div xmlns="http://www.w3.org/1999/xhtml" class="entry" id="hvo492">\r\n<span class="headword" lang="ggo-Telu-IN" xml:lang="ggo-Telu-IN">&#3077;&#3103;&#3149;&#3119;&#3112;&#3146;&#3125;&#3149;</span>  <span class="pronunciations"><span class="pronunciation" lang="ggo-fonipa-x-emic" xml:lang="ggo-fonipa-x-emic">[<span lang="ggo-fonipa-x-emic" xml:lang="ggo-fonipa-x-emic">a&#7789;yanov</span></span>]</span> <span class="senses"><span class="sense" id="hvo3345"><span class="grammatical-info"><span class="partofspeech" lang="en" xml:lang="en"><span lang="en" xml:lang="en">num</span></span> </span> <span class="definition" lang="en" xml:lang="en"><span lang="en" xml:lang="en">ninety-eight.</span></span> <span class="LexSense-publishStem-GlossPub_L3" lang="te" xml:lang="te"><span class="xitem" lang="te" xml:lang="te"><span lang="te" xml:lang="te">(98) &#3108;&#3146;&#3074;&#3117;&#3144; &#3086;&#3112;&#3135;&#3118;&#3135;&#3110;&#3135;</span></span><span class="xitem" lang="hi" xml:lang="hi"><span lang="hi" xml:lang="hi">&#2309;&#2335;&#2381;&#8204;&#2336;&#2366;&#2344;&#2357;&#2375;</span></span></span><span class="examples"><span class="example" lang="ggo-Telu-IN" xml:lang="ggo-Telu-IN"><span lang="ggo-Telu-IN" xml:lang="ggo-Telu-IN">&#3118;&#3134; &#3093;&#3134;&#3122;&#3142;&#3100;&#3149; &#3112;&#3095; &#3077;&#3103;&#3149;&#3119;&#3112;&#3146;&#3125;&#3149; &#3093;&#3134;&#3074;&#3105;&#3135;&#3120;&#3149;&#3093;&#3137;&#3112;&#3149; &#3128;&#3149;&#3093;&#3134;&#3122;&#3120;&#3149; &#3128;&#3135;&#3114;&#3149; &#3093;&#3146;&#3108;&#3149;&#3108;&#3074;&#3095;&#3149; &#3125;&#3134;&#3108;&#3074;&#3095;&#3149;.</span></span> <span class="translations"><span class="translation_L3" lang="te" xml:lang="te"><span lang="te" xml:lang="te">&#3118;&#3134; &#3093;&#3134;&#3122;&#3143;&#3100;&#3135; &#3122;&#3146; &#3108;&#3146;&#3074;&#3117;&#3144; &#3086;&#3112;&#3135;&#3118;&#3135;&#3110;&#3135; &#3118;&#3074;&#3110;&#3135; &#3114;&#3135;&#3122;&#3149;&#3122;&#3122;&#3093;&#3137; &#3128;&#3149;&#3093;&#3134;&#3122;&#3120;&#3149; &#3128;&#3135;&#3114;&#3149; &#3105;&#3116;&#3149;&#3116;&#3137;&#3122;&#3137; &#3125;&#3098;&#3149;&#3098;&#3135;&#3112;&#3134;&#3119;&#3135;.</span></span></span></span> <span class="semantic-domains">(sem. domains: <span class="semantic-domain-abbr" lang="en" xml:lang="en"><span lang="en" xml:lang="en">8.1.1.1</span></span> - <span class="semantic-domain-name" lang="en" xml:lang="en"><span lang="en" xml:lang="en">Cardinal numbers</span></span></span>.) </span></span>\r\n </div>', ' (అట్యనొవ్)', ' (అట్యనొవ్)', 'publish', 'open', 'open', '', 'అటయనవ1.htm', '', '', '2012-04-19 15:16:04', '2012-04-19 20:16:04', '', 0, 'http://localhost/wordpress/?p=54', 0, 'post', '', 0),
(53, 1, '2012-04-19 15:16:04', '2012-04-19 20:16:04', '<table style="border:medium none white;width:100%;"><tr><td><a href="?p=52"><img src="http://localhost/wordpress/wp-content/icons/ArrowLeft.png" width="32" height="32" border="0" alt="&lt;&#x2014;" /></a></td><td style="text-align:right;"><a href="?p=54"><img src="http://localhost/wordpress/wp-content/icons/ArrowRight.png" width="32" height="32" border="0" alt="&#x2014;&gt;" /></a></td></tr></table><div xmlns="http://www.w3.org/1999/xhtml" class="entry" id="hvo465">\r\n<span class="headword" lang="ggo-Telu-IN" xml:lang="ggo-Telu-IN">&#3077;&#3103;&#3149;&#8204;&#3114;&#3135;&#3119;&#3149;&#3125;&#3122;&#3149;</span>  <span class="pronunciations"><span class="pronunciation" lang="ggo-fonipa-x-emic" xml:lang="ggo-fonipa-x-emic">[<span lang="ggo-fonipa-x-emic" xml:lang="ggo-fonipa-x-emic">a&#7789;piyval</span></span>]</span> <span class="senses"><span class="sense" id="hvo10600"><span class="LexSense-publishStem-GlossPub_L3" lang="te" xml:lang="te"><span lang="te" xml:lang="te">&#3114;&#3103;&#3149;&#3103;&#3137; &#3114;&#3103;&#3149;&#3103;&#3105;&#3074;</span></span></span></span>\r\n </div>', ' (అట్‌పియ్వల్)', ' (అట్‌పియ్వల్)', 'publish', 'open', 'open', '', 'అటపయవల1.htm', '', '', '2012-04-19 15:16:04', '2012-04-19 20:16:04', '', 0, 'http://localhost/wordpress/?p=53', 0, 'post', '', 0),
(52, 1, '2012-04-19 15:16:04', '2012-04-19 20:16:04', '<table style="border:medium none white;width:100%;"><tr><td><a href="?p=51"><img src="http://localhost/wordpress/wp-content/icons/ArrowLeft.png" width="32" height="32" border="0" alt="&lt;&#x2014;" /></a></td><td style="text-align:right;"><a href="?p=53"><img src="http://localhost/wordpress/wp-content/icons/ArrowRight.png" width="32" height="32" border="0" alt="&#x2014;&gt;" /></a></td></tr></table><div xmlns="http://www.w3.org/1999/xhtml" class="entry" id="hvo10460">\r\n<span class="headword" lang="ggo-Telu-IN" xml:lang="ggo-Telu-IN">&#3077;&#3103;&#3149;&#3103;&#3142;&#3129;&#3108;&#3149;&#3108;&#3120;&#3149;</span>  <span class="pronunciations"><span class="pronunciation" lang="ggo-fonipa-x-emic" xml:lang="ggo-fonipa-x-emic">[<span lang="ggo-fonipa-x-emic" xml:lang="ggo-fonipa-x-emic">a&#7789;&#7789;ehattar</span></span>]</span> <span class="senses"><span class="sense" id="hvo400"><span class="grammatical-info"><span class="partofspeech" lang="en" xml:lang="en"><span lang="en" xml:lang="en">num</span></span> </span> <span class="definition" lang="en" xml:lang="en"><span lang="en" xml:lang="en">seventy-eight.</span></span> <span class="LexSense-publishStem-GlossPub_L3" lang="te" xml:lang="te"><span class="xitem" lang="te" xml:lang="te"><span lang="te" xml:lang="te">(78) &#3105;&#3142;&#3116;&#3149;&#3117;&#3144; &#3087;&#3112;&#3135;&#3118;&#3135;&#3110;&#3135;</span></span><span class="xitem" lang="hi" xml:lang="hi"><span lang="hi" xml:lang="hi">&#2309;&#2336;&#2361;&#2340;&#2381;&#2340;&#2352;</span></span></span><span class="semantic-domains">(sem. domains: <span class="semantic-domain-abbr" lang="en" xml:lang="en"><span lang="en" xml:lang="en">8.1.1.1</span></span> - <span class="semantic-domain-name" lang="en" xml:lang="en"><span lang="en" xml:lang="en">Cardinal numbers</span></span></span>.) </span></span>\r\n </div>', ' (అట్టెహత్తర్)', ' (అట్టెహత్తర్)', 'publish', 'open', 'open', '', 'అటటహతతర1.htm', '', '', '2012-04-19 15:16:04', '2012-04-19 20:16:04', '', 0, 'http://localhost/wordpress/?p=52', 0, 'post', '', 0),
(51, 1, '2012-04-19 15:16:04', '2012-04-19 20:16:04', '<table style="border:medium none white;width:100%;"><tr><td><a href="?p=50"><img src="http://localhost/wordpress/wp-content/icons/ArrowLeft.png" width="32" height="32" border="0" alt="&lt;&#x2014;" /></a></td><td style="text-align:right;"><a href="?p=52"><img src="http://localhost/wordpress/wp-content/icons/ArrowRight.png" width="32" height="32" border="0" alt="&#x2014;&gt;" /></a></td></tr></table><div xmlns="http://www.w3.org/1999/xhtml" class="entry" id="hvo5590">\r\n<span class="headword" lang="ggo-Telu-IN" xml:lang="ggo-Telu-IN">&#3077;&#3103;&#3149;&#3103;&#3142;&#3128;&#3134;&#3103;&#3149;</span>  <span class="pronunciations"><span class="pronunciation" lang="ggo-fonipa-x-emic" xml:lang="ggo-fonipa-x-emic">[<span lang="ggo-fonipa-x-emic" xml:lang="ggo-fonipa-x-emic">a&#7789;&#7789;es&#257;&#7789;</span></span>]</span> <span class="senses"><span class="sense" id="hvo3781"><span class="grammatical-info"><span class="partofspeech" lang="en" xml:lang="en"><span lang="en" xml:lang="en">num</span></span> </span> <span class="definition" lang="en" xml:lang="en"><span lang="en" xml:lang="en">sixty-eight.</span></span> <span class="LexSense-publishStem-GlossPub_L3" lang="te" xml:lang="te"><span class="xitem" lang="te" xml:lang="te"><span lang="te" xml:lang="te">(68) &#3077;&#3120;&#3125;&#3144; &#3086;&#3112;&#3135;&#3118;&#3135;&#3110;&#3135;</span></span><span class="xitem" lang="hi" xml:lang="hi"><span lang="hi" xml:lang="hi">&#2309;&#2337;&#2364;&#2360;&#2336;</span></span></span><span class="examples"><span class="example" lang="ggo-Telu-IN" xml:lang="ggo-Telu-IN"><span lang="ggo-Telu-IN" xml:lang="ggo-Telu-IN">&#3077;&#3103;&#3149;&#3103;&#3142; &#3128;&#3134;&#3103;&#3149;&#3112; &#3120;&#3142;&#3074;&#3105;&#3137; &#3114;&#3137;&#3128;&#3149;&#3108;&#3093;&#3149; &#3119;&#3143;&#3108;&#3149;&#8204;&#3108;&#3146;&#3112;&#3149;.</span></span> <span class="translations"><span class="translation_L3" lang="te" xml:lang="te"><span lang="te" xml:lang="te">&#3077;&#3120;&#3125;&#3144; &#3086;&#3112;&#3135;&#3118;&#3135;&#3110;&#3135; &#3120;&#3138;&#3114;&#3134;&#3119;&#3122; &#3114;&#3137;&#3128;&#3149;&#3108;&#3093;&#3134;&#3122;&#3137; &#3093;&#3146;&#3112;&#3149;&#3112;&#3134;&#3112;&#3137;.</span></span></span></span> <span class="semantic-domains">(sem. domains: <span class="semantic-domain-abbr" lang="en" xml:lang="en"><span lang="en" xml:lang="en">8.1.1.1</span></span> - <span class="semantic-domain-name" lang="en" xml:lang="en"><span lang="en" xml:lang="en">Cardinal numbers</span></span></span>.) </span></span>\r\n </div>', ' (అట్టెసాట్)', ' (అట్టెసాట్)', 'publish', 'open', 'open', '', 'అటటసట1.htm', '', '', '2012-04-19 15:16:04', '2012-04-19 20:16:04', '', 0, 'http://localhost/wordpress/?p=51', 0, 'post', '', 0);
INSERT INTO `wp_posts` (`ID`, `post_author`, `post_date`, `post_date_gmt`, `post_content`, `post_title`, `post_excerpt`, `post_status`, `comment_status`, `ping_status`, `post_password`, `post_name`, `to_ping`, `pinged`, `post_modified`, `post_modified_gmt`, `post_content_filtered`, `post_parent`, `guid`, `menu_order`, `post_type`, `post_mime_type`, `comment_count`) VALUES
(50, 1, '2012-04-19 15:16:04', '2012-04-19 20:16:04', '<table style="border:medium none white;width:100%;"><tr><td><a href="?p=49"><img src="http://localhost/wordpress/wp-content/icons/ArrowLeft.png" width="32" height="32" border="0" alt="&lt;&#x2014;" /></a></td><td style="text-align:right;"><a href="?p=51"><img src="http://localhost/wordpress/wp-content/icons/ArrowRight.png" width="32" height="32" border="0" alt="&#x2014;&gt;" /></a></td></tr></table><div xmlns="http://www.w3.org/1999/xhtml" class="entry" id="hvo6181">\r\n<span class="headword" lang="ggo-Telu-IN" xml:lang="ggo-Telu-IN">&#3077;&#3103;&#3149;&#3103;&#3142;&#3098;&#3134;&#3122;&#3135;&#3128;&#3149;</span>  <span class="pronunciations"><span class="pronunciation" lang="ggo-fonipa-x-emic" xml:lang="ggo-fonipa-x-emic">[<span lang="ggo-fonipa-x-emic" xml:lang="ggo-fonipa-x-emic">a&#7789;&#7789;ec&#257;lis</span></span>]</span> <span class="senses"><span class="sense" id="hvo8121"><span class="grammatical-info"><span class="partofspeech" lang="en" xml:lang="en"><span lang="en" xml:lang="en">num</span></span> </span> <span class="definition" lang="en" xml:lang="en"><span lang="en" xml:lang="en">forty-eight.</span></span> <span class="LexSense-publishStem-GlossPub_L3" lang="te" xml:lang="te"><span class="xitem" lang="te" xml:lang="te"><span lang="te" xml:lang="te">(48) &#3112;&#3122;&#3117;&#3144; &#3086;&#3112;&#3135;&#3118;&#3135;&#3110;&#3135;</span></span><span class="xitem" lang="hi" xml:lang="hi"><span lang="hi" xml:lang="hi">&#2309;&#2337;&#2364;&#2340;&#2366;&#2354;&#2368;&#2360;</span></span></span><span class="examples"><span class="example" lang="ggo-Telu-IN" xml:lang="ggo-Telu-IN"><span lang="ggo-Telu-IN" xml:lang="ggo-Telu-IN">&#3077;&#3110;&#3149; &#3078;&#3074;&#3095;&#3149;&#3105;&#3142; &#3077;&#3103;&#3149;&#3103;&#3142; &#3098;&#3134;&#3122;&#3135;&#3128;&#3149;&#3112; &#3078;&#3074;&#3110;&#3149;.</span></span> <span class="translations"><span class="translation_L3" lang="te" xml:lang="te"><span lang="te" xml:lang="te">&#3078; &#3098;&#3146;&#3093;&#3149;&#3093; &#3112;&#3122;&#3117;&#3144; &#3086;&#3112;&#3135;&#3118;&#3135;&#3110;&#3135; &#3120;&#3138;&#3114;&#3134;&#3119;&#3122;&#3137;.</span></span></span></span> <span class="semantic-domains">(sem. domains: <span class="semantic-domain-abbr" lang="en" xml:lang="en"><span lang="en" xml:lang="en">8.1.1.1</span></span> - <span class="semantic-domain-name" lang="en" xml:lang="en"><span lang="en" xml:lang="en">Cardinal numbers</span></span></span>.) </span></span>\r\n </div>', ' (అట్టెచాలిస్)', ' (అట్టెచాలిస్)', 'publish', 'open', 'open', '', 'అటటచలస1.htm', '', '', '2012-04-19 15:16:04', '2012-04-19 20:16:04', '', 0, 'http://localhost/wordpress/?p=50', 0, 'post', '', 0),
(49, 1, '2012-04-19 15:16:04', '2012-04-19 20:16:04', '<table style="border:medium none white;width:100%;"><tr><td><a href="?p=48"><img src="http://localhost/wordpress/wp-content/icons/ArrowLeft.png" width="32" height="32" border="0" alt="&lt;&#x2014;" /></a></td><td style="text-align:right;"><a href="?p=50"><img src="http://localhost/wordpress/wp-content/icons/ArrowRight.png" width="32" height="32" border="0" alt="&#x2014;&gt;" /></a></td></tr></table><div xmlns="http://www.w3.org/1999/xhtml" class="entry" id="hvo3213">\r\n<span class="headword" lang="ggo-Telu-IN" xml:lang="ggo-Telu-IN">&#3077;&#3103;&#3149;&#3103;&#3125;&#3136;&#3128;&#3149;</span>  <span class="pronunciations"><span class="pronunciation" lang="ggo-fonipa-x-emic" xml:lang="ggo-fonipa-x-emic">[<span lang="ggo-fonipa-x-emic" xml:lang="ggo-fonipa-x-emic">a&#7789;&#7789;av&#299;s</span></span>]</span> <span class="senses"><span class="sense" id="hvo3496"><span class="grammatical-info"><span class="partofspeech" lang="en" xml:lang="en"><span lang="en" xml:lang="en">num</span></span> </span> <span class="definition" lang="en" xml:lang="en"><span lang="en" xml:lang="en">twenty-eight.</span></span> <span class="LexSense-publishStem-GlossPub_L3" lang="te" xml:lang="te"><span class="xitem" lang="te" xml:lang="te"><span lang="te" xml:lang="te">(28) &#3079;&#3120;&#3125;&#3144; &#3086;&#3112;&#3135;&#3118;&#3135;&#3110;&#3135;</span></span><span class="xitem" lang="hi" xml:lang="hi"><span lang="hi" xml:lang="hi">&#2309;&#2335;&#2381;&#8204;&#2336;&#2366;&#2312;&#2360;</span></span></span><span class="examples"><span class="example" lang="ggo-Telu-IN" xml:lang="ggo-Telu-IN"><span lang="ggo-Telu-IN" xml:lang="ggo-Telu-IN">&#3112;&#3112;&#3149; &#3077;&#3103;&#3149;&#3103;&#3134;&#3125;&#3136;&#3128;&#3149; &#3112; &#3114;&#3146;&#3074;&#3103;&#3135;&#3112;&#3149; &#3118;&#3134; &#3128;&#3134;&#3105;&#3093;&#3074;&#3105;&#3135;&#3120;&#3149; &#3093;&#3137;&#3112;&#3149; &#3119;&#3143;&#3108;&#3149;&#8204;&#3108;&#3146;&#3112;&#3149;.</span></span> <span class="translations"><span class="translation_L3" lang="te" xml:lang="te"><span lang="te" xml:lang="te">&#3118;&#3134; &#3116;&#3105;&#3135; &#3114;&#3135;&#3122;&#3149;&#3122;&#3122;&#3093;&#3137; &#3079;&#3120;&#3125;&#3144; &#3086;&#3112;&#3135;&#3118;&#3135;&#3110;&#3135; &#3120;&#3138;&#3114;&#3134;&#3119;&#3135;&#3122; &#3114;&#3142;&#3112;&#3149;&#3112;&#3137;&#3122;&#3137; &#3093;&#3146;&#3112;&#3149;&#3112;&#3134;&#3112;&#3137;.</span></span></span></span> <span class="semantic-domains">(sem. domains: <span class="semantic-domain-abbr" lang="en" xml:lang="en"><span lang="en" xml:lang="en">8.1.1.1</span></span> - <span class="semantic-domain-name" lang="en" xml:lang="en"><span lang="en" xml:lang="en">Cardinal numbers</span></span></span>.) </span></span>\r\n </div>', ' (అట్టవీస్)', ' (అట్టవీస్)', 'publish', 'open', 'open', '', 'అటటవస1.htm', '', '', '2012-04-19 15:16:04', '2012-04-19 20:16:04', '', 0, 'http://localhost/wordpress/?p=49', 0, 'post', '', 0),
(48, 1, '2012-04-19 15:16:04', '2012-04-19 20:16:04', '<table style="border:medium none white;width:100%;"><tr><td><a href="?p=47"><img src="http://localhost/wordpress/wp-content/icons/ArrowLeft.png" width="32" height="32" border="0" alt="&lt;&#x2014;" /></a></td><td style="text-align:right;"><a href="?p=49"><img src="http://localhost/wordpress/wp-content/icons/ArrowRight.png" width="32" height="32" border="0" alt="&#x2014;&gt;" /></a></td></tr></table><div xmlns="http://www.w3.org/1999/xhtml" class="entry" id="hvo2717">\r\n<span class="headword" lang="ggo-Telu-IN" xml:lang="ggo-Telu-IN">&#3077;&#3103;&#3149;&#3103;&#3125;&#3112;&#3149;</span>  <span class="pronunciations"><span class="pronunciation" lang="ggo-fonipa-x-emic" xml:lang="ggo-fonipa-x-emic">[<span lang="ggo-fonipa-x-emic" xml:lang="ggo-fonipa-x-emic">a&#7789;&#7789;avan</span></span>]</span> <span class="senses"><span class="sense" id="hvo949"><span class="grammatical-info"><span class="partofspeech" lang="en" xml:lang="en"><span lang="en" xml:lang="en">num</span></span> </span> <span class="definition" lang="en" xml:lang="en"><span lang="en" xml:lang="en">fifty-eight.</span></span> <span class="LexSense-publishStem-GlossPub_L3" lang="te" xml:lang="te"><span class="xitem" lang="te" xml:lang="te"><span lang="te" xml:lang="te">(58) &#3119;&#3134;&#3117;&#3144; &#3086;&#3112;&#3135;&#3118;&#3135;&#3110;&#3135;</span></span><span class="xitem" lang="hi" xml:lang="hi"><span lang="hi" xml:lang="hi">&#2309;&#2335;&#2381;&#8204;&#2336;&#2366;&#2357;&#2344;</span></span></span><span class="examples"><span class="example" lang="ggo-Telu-IN" xml:lang="ggo-Telu-IN"><span lang="ggo-Telu-IN" xml:lang="ggo-Telu-IN">&#3118;&#3134; &#3093;&#3134;&#3074;&#3105;&#3135;&#3112;&#3149; &#3077;&#3103;&#3149;&#3103;&#3125;&#3112;&#3149; &#3100;&#3147;&#3093;&#3097;&#3149; &#3122;&#3135;&#3129;&#3135;&#3093;&#3135;&#3119;&#3137;&#3128;&#3149;&#3108;&#3147;&#3112;&#3149;.</span></span> <span class="translations"><span class="translation_L3" lang="te" xml:lang="te"><span lang="te" xml:lang="te">&#3118;&#3134; &#3114;&#3135;&#3122;&#3149;&#3122; &#3125;&#3134;&#3112;&#3135;&#3093;&#3135; 50 &#3086;&#3112;&#3135;&#3118;&#3135;&#3110;&#3135; &#3128;&#3134;&#3120;&#3149;&#3122;&#3137; &#3120;&#3134;&#3119;&#3135;&#3074;&#3098;&#3134;&#3112;&#3137;.</span></span></span></span> <span class="semantic-domains">(sem. domains: <span class="semantic-domain-abbr" lang="en" xml:lang="en"><span lang="en" xml:lang="en">8.1.1.1</span></span> - <span class="semantic-domain-name" lang="en" xml:lang="en"><span lang="en" xml:lang="en">Cardinal numbers</span></span></span>.) </span></span>\r\n </div>', ' (అట్టవన్)', ' (అట్టవన్)', 'publish', 'open', 'open', '', 'అటటవన1.htm', '', '', '2012-04-19 15:16:04', '2012-04-19 20:16:04', '', 0, 'http://localhost/wordpress/?p=48', 0, 'post', '', 0),
(47, 1, '2012-04-19 15:16:04', '2012-04-19 20:16:04', '<table style="border:medium none white;width:100%;"><tr><td><a href="?p=46"><img src="http://localhost/wordpress/wp-content/icons/ArrowLeft.png" width="32" height="32" border="0" alt="&lt;&#x2014;" /></a></td><td style="text-align:right;"><a href="?p=48"><img src="http://localhost/wordpress/wp-content/icons/ArrowRight.png" width="32" height="32" border="0" alt="&#x2014;&gt;" /></a></td></tr></table><div xmlns="http://www.w3.org/1999/xhtml" class="entry" id="hvo3439">\r\n<span class="headword" lang="ggo-Telu-IN" xml:lang="ggo-Telu-IN">&#3077;&#3103;&#3149;&#3103;</span>  <span class="pronunciations"><span class="pronunciation" lang="ggo-fonipa-x-emic" xml:lang="ggo-fonipa-x-emic">[<span lang="ggo-fonipa-x-emic" xml:lang="ggo-fonipa-x-emic">a&#7789;&#7789;a</span></span>]</span> <span class="senses"><span class="sense" id="hvo10349"><span class="definition" lang="en" xml:lang="en"><span lang="en" xml:lang="en">cook</span></span> <span class="LexSense-publishStem-GlossPub_L3" lang="te" xml:lang="te"><span lang="te" xml:lang="te">&#3125;&#3074;&#3103; &#3098;&#3142;&#3119;&#3149;&#3119;&#3135;</span></span><span class="semantic-domains">(sem. domains: <span class="semantic-domain-abbr" lang="en" xml:lang="en"><span lang="en" xml:lang="en">5.5.6</span></span> - <span class="semantic-domain-name" lang="en" xml:lang="en"><span lang="en" xml:lang="en">Fuel</span></span></span>.) </span></span>\r\n </div>', ' (అట్ట)', ' (అట్ట)', 'publish', 'open', 'open', '', 'అటట1.htm', '', '', '2012-04-19 15:16:04', '2012-04-19 20:16:04', '', 0, 'http://localhost/wordpress/?p=47', 0, 'post', '', 0),
(46, 1, '2012-04-19 15:16:04', '2012-04-19 20:16:04', '<table style="border:medium none white;width:100%;"><tr><td><a href="?p=45"><img src="http://localhost/wordpress/wp-content/icons/ArrowLeft.png" width="32" height="32" border="0" alt="&lt;&#x2014;" /></a></td><td style="text-align:right;"><a href="?p=47"><img src="http://localhost/wordpress/wp-content/icons/ArrowRight.png" width="32" height="32" border="0" alt="&#x2014;&gt;" /></a></td></tr></table><div xmlns="http://www.w3.org/1999/xhtml" class="entry" id="hvo2622">\r\n<span class="headword" lang="ggo-Telu-IN" xml:lang="ggo-Telu-IN">&#3077;&#3103;&#3149;&#3093;&#3142; &#3118;&#3134;&#3108;</span>  <span class="pronunciations"><span class="pronunciation" lang="ggo-fonipa-x-emic" xml:lang="ggo-fonipa-x-emic">[<span lang="ggo-fonipa-x-emic" xml:lang="ggo-fonipa-x-emic">a&#7789;ke m&#257;ta</span></span>]</span> <span class="senses"><span class="sense" id="hvo8210"><span class="LexSense-publishStem-GlossPub_L3" lang="te" xml:lang="te"><span lang="te" xml:lang="te">&#3082;&#3114;&#3135;&#3120;&#3135; &#3078;&#3095;&#3135;&#3074;&#3110;&#3135;</span></span><span class="examples"><span class="example" lang="ggo-Telu-IN" xml:lang="ggo-Telu-IN"><span lang="ggo-Telu-IN" xml:lang="ggo-Telu-IN">&#3112;&#3134;&#3125; &#3112;&#3143;&#3128;&#3149;&#3093;&#3149;&#8204;&#3125;&#3122;&#3149; &#3077;&#3103;&#3149;&#3093;&#3142; &#3118;&#3134;&#3108;.</span></span> <span class="translations"><span class="translation_L3" lang="te" xml:lang="te"><span lang="te" xml:lang="te">&#3112;&#3134; &#3082;&#3114;&#3135;&#3120;&#3135; &#3078;&#3095;&#3135;&#3114;&#3147;&#3119;&#3135;&#3074;&#3110;&#3135;.</span></span></span></span> <span class="semantic-domains">(sem. domains: <span class="semantic-domain-abbr" lang="en" xml:lang="en"><span lang="en" xml:lang="en">2.2.1</span></span> - <span class="semantic-domain-name" lang="en" xml:lang="en"><span lang="en" xml:lang="en">Breathe, breath</span></span></span>.) </span></span>\r\n </div>', ' (అట్కె మాత)', ' (అట్కె మాత)', 'publish', 'open', 'open', '', 'అటకమత1.htm', '', '', '2012-04-19 15:16:04', '2012-04-19 20:16:04', '', 0, 'http://localhost/wordpress/?p=46', 0, 'post', '', 0),
(45, 1, '2012-04-19 15:16:04', '2012-04-19 20:16:04', '<table style="border:medium none white;width:100%;"><tr><td><a href="?p=44"><img src="http://localhost/wordpress/wp-content/icons/ArrowLeft.png" width="32" height="32" border="0" alt="&lt;&#x2014;" /></a></td><td style="text-align:right;"><a href="?p=46"><img src="http://localhost/wordpress/wp-content/icons/ArrowRight.png" width="32" height="32" border="0" alt="&#x2014;&gt;" /></a></td></tr></table><div xmlns="http://www.w3.org/1999/xhtml" class="entry" id="hvo10256">\r\n<span class="headword" lang="ggo-Telu-IN" xml:lang="ggo-Telu-IN">&#3077;&#3103;&#3149;&#3093;&#3137;&#3122;&#3149;&#3093;&#3149;</span>  <span class="pronunciations"><span class="pronunciation" lang="ggo-fonipa-x-emic" xml:lang="ggo-fonipa-x-emic">[<span lang="ggo-fonipa-x-emic" xml:lang="ggo-fonipa-x-emic">a&#7789;kulk</span></span>]</span> <span class="senses"><span class="sense" id="hvo10043"><span class="grammatical-info"><span class="partofspeech" lang="en" xml:lang="en"><span lang="en" xml:lang="en">n</span></span> </span> <span class="definition" lang="en" xml:lang="en"><span lang="en" xml:lang="en">flattened rice</span></span> <span class="LexSense-publishStem-GlossPub_L3" lang="te" xml:lang="te"><span class="xitem" lang="te" xml:lang="te"><span lang="te" xml:lang="te">&#3077;&#3103;&#3137;&#3093;&#3137;&#3122;&#3137;</span></span><span class="xitem" lang="hi" xml:lang="hi"><span lang="hi" xml:lang="hi">&#2330;&#2367;&#2313;&#2337;&#2366;</span></span></span><span class="examples"><span class="example" lang="ggo-Telu-IN" xml:lang="ggo-Telu-IN"><span lang="ggo-Telu-IN" xml:lang="ggo-Telu-IN">&#3114;&#3142;&#3120;&#3142;&#3093;&#3149; &#3097;&#3122;&#3149; &#3077;&#3103;&#3149;&#3093;&#3137;&#3122;&#3149;&#3093;&#3149; &#3108;&#3119;&#3120;&#3149; &#3093;&#3136;&#3074;&#3108;&#3142;&#3120;&#3149;.</span></span> <span class="translations"><span class="translation_L3" lang="te" xml:lang="te"><span lang="te" xml:lang="te">&#3116;&#3135;&#3119;&#3149;&#3119;&#3118;&#3137; &#3112;&#3137;&#3074;&#3105;&#3135; &#3077;&#3103;&#3137;&#3093;&#3137;&#3122;&#3137; &#3108;&#3119;&#3134;&#3120;&#3137; &#3098;&#3143;&#3128;&#3149;&#3108;&#3134;&#3120;&#3137;.</span></span></span></span> <span class="semantic-domains">(sem. domains: <span class="semantic-domain-abbr" lang="en" xml:lang="en"><span lang="en" xml:lang="en">5.2.3.3</span></span> - <span class="semantic-domain-name" lang="en" xml:lang="en"><span lang="en" xml:lang="en">Cooking ingredients</span></span></span>.) </span></span>\r\n </div>', ' (అట్కుల్క్)', ' (అట్కుల్క్)', 'publish', 'open', 'open', '', 'అటకలక1.htm', '', '', '2012-04-19 15:16:04', '2012-04-19 20:16:04', '', 0, 'http://localhost/wordpress/?p=45', 0, 'post', '', 0),
(44, 1, '2012-04-19 15:16:04', '2012-04-19 20:16:04', '<table style="border:medium none white;width:100%;"><tr><td><a href="?p=43"><img src="http://localhost/wordpress/wp-content/icons/ArrowLeft.png" width="32" height="32" border="0" alt="&lt;&#x2014;" /></a></td><td style="text-align:right;"><a href="?p=45"><img src="http://localhost/wordpress/wp-content/icons/ArrowRight.png" width="32" height="32" border="0" alt="&#x2014;&gt;" /></a></td></tr></table><div xmlns="http://www.w3.org/1999/xhtml" class="entry" id="hvo9869">\r\n<span class="headword" lang="ggo-Telu-IN" xml:lang="ggo-Telu-IN">&#3077;&#3103;&#3149;&#3093;&#3136; &#3093;&#3136;&#3108;</span>  <span class="pronunciations"><span class="pronunciation" lang="ggo-fonipa-x-emic" xml:lang="ggo-fonipa-x-emic">[<span lang="ggo-fonipa-x-emic" xml:lang="ggo-fonipa-x-emic">a&#7789;ki k&#299;-</span></span>]</span> <span class="senses"><span class="sense"><span class="grammatical-info"><span class="partofspeech" lang="en" xml:lang="en"><span lang="en" xml:lang="en">n</span></span> </span> </span><span class="xsensenumber">1</span>) <span class="sense" id="hvo1389"><span class="definition" lang="en" xml:lang="en"><span lang="en" xml:lang="en">fixation</span></span> <span class="LexSense-publishStem-GlossPub_L3" lang="te" xml:lang="te"><span lang="te" xml:lang="te">&#3077;&#3074;&#3103;&#3135;&#3074;&#3098;&#3105;&#3074;</span></span></span><span class="xsensenumber">2</span>) <span class="sense" id="hvo4159"><span class="definition" lang="en" xml:lang="en"><span lang="en" xml:lang="en">to hang.</span></span> <span class="LexSense-publishStem-GlossPub_L4" lang="hi" xml:lang="hi"><span lang="hi" xml:lang="hi">&#2335;&#2366;&#2305;&#2327;&#2344;&#2366;</span></span><span class="examples"><span class="example" lang="ggo-Telu-IN" xml:lang="ggo-Telu-IN"><span lang="ggo-Telu-IN" xml:lang="ggo-Telu-IN">&#3112;&#3134;&#3125; &#3078;&#3074;&#3095;&#3149;&#3105;&#3142;&#3108;&#3137;&#3112;&#3149; &#3118;&#3147;&#3122;&#3108;&#3095; &#3077;&#3103;&#3149;&#3093;&#3135; &#3093;&#3136;&#3108;&#3146;&#3112;&#3149;.</span></span> <span class="translations"><span class="translation_L3" lang="te" xml:lang="te"><span lang="te" xml:lang="te">&#3112;&#3134; &#3077;&#3074;&#3095;&#3135;&#3112;&#3135; &#3118;&#3146;&#3122;&#3122;&#3147; &#3077;&#3074;&#3103;&#3135; &#3114;&#3142;&#3103;&#3149;&#3103;&#3137;&#3093;&#3137;&#3112;&#3149;&#3112;&#3134;&#3112;&#3137;.</span></span></span></span> <span class="semantic-domains">(sem. domains: <span class="semantic-domain-abbr" lang="en" xml:lang="en"><span lang="en" xml:lang="en">7.3.2.4.1</span></span> - <span class="semantic-domain-name" lang="en" xml:lang="en"><span lang="en" xml:lang="en">Hang</span></span></span>.) </span></span>\r\n </div>', ' (అట్కీ కీత)', ' (అట్కీ కీత)', 'publish', 'open', 'open', '', 'అటకకత1.htm', '', '', '2012-04-19 15:16:04', '2012-04-19 20:16:04', '', 0, 'http://localhost/wordpress/?p=44', 0, 'post', '', 0),
(43, 1, '2012-04-19 15:16:04', '2012-04-19 20:16:04', '<table style="border:medium none white;width:100%;"><tr><td><a href="?p=42"><img src="http://localhost/wordpress/wp-content/icons/ArrowLeft.png" width="32" height="32" border="0" alt="&lt;&#x2014;" /></a></td><td style="text-align:right;"><a href="?p=44"><img src="http://localhost/wordpress/wp-content/icons/ArrowRight.png" width="32" height="32" border="0" alt="&#x2014;&gt;" /></a></td></tr></table><div xmlns="http://www.w3.org/1999/xhtml" class="entry" id="hvo2398">\r\n<span class="headword" lang="ggo-Telu-IN" xml:lang="ggo-Telu-IN">&#3077;&#3103;&#3146;</span>  <span class="pronunciations"><span class="pronunciation" lang="ggo-fonipa-x-emic" xml:lang="ggo-fonipa-x-emic">[<span lang="ggo-fonipa-x-emic" xml:lang="ggo-fonipa-x-emic">a&#7789;o</span></span>]</span> <span class="senses"><span class="sense" id="hvo1582"><span class="grammatical-info"><span class="partofspeech" lang="en" xml:lang="en"><span lang="en" xml:lang="en">n</span></span> </span> <span class="definition" lang="en" xml:lang="en"><span lang="en" xml:lang="en">auto</span></span> <span class="LexSense-publishStem-GlossPub_L3" lang="te" xml:lang="te"><span lang="te" xml:lang="te">&#3078;&#3103;&#3147;</span></span><span class="examples"><span class="example" lang="ggo-Telu-IN" xml:lang="ggo-Telu-IN"><span lang="ggo-Telu-IN" xml:lang="ggo-Telu-IN">&#3077;&#3103;&#3146;&#3108;&#3137;&#3112;&#3149; &#3118;&#3138;&#3074;&#3110;&#3149; &#3095;&#3134;&#3120;&#3142;&#3074;&#3095;&#3149; &#3118;&#3074;&#3110;&#3074;&#3108;&#3074;&#3095;&#3149;.</span></span> <span class="translations"><span class="translation_L3" lang="te" xml:lang="te"><span lang="te" xml:lang="te">&#3078;&#3103;&#3147; &#3093;&#3137; &#3118;&#3138;&#3105;&#3137; &#3098;&#3093;&#3149;&#3120;&#3134;&#3122;&#3137; &#3081;&#3074;&#3103;&#3134;&#3119;&#3135;.</span></span></span></span> <span class="semantic-domains">(sem. domains: <span class="semantic-domain-abbr" lang="en" xml:lang="en"><span lang="en" xml:lang="en">7.2.4.1.1</span></span> - <span class="semantic-domain-name" lang="en" xml:lang="en"><span lang="en" xml:lang="en">Vehicle</span></span></span>.) </span></span>\r\n </div>', ' (అటొ)', ' (అటొ)', 'publish', 'open', 'open', '', 'అట1.htm', '', '', '2012-04-19 15:16:04', '2012-04-19 20:16:04', '', 0, 'http://localhost/wordpress/?p=43', 0, 'post', '', 0),
(42, 1, '2012-04-19 15:16:04', '2012-04-19 20:16:04', '<table style="border:medium none white;width:100%;"><tr><td><a href="?p=41"><img src="http://localhost/wordpress/wp-content/icons/ArrowLeft.png" width="32" height="32" border="0" alt="&lt;&#x2014;" /></a></td><td style="text-align:right;"><a href="?p=43"><img src="http://localhost/wordpress/wp-content/icons/ArrowRight.png" width="32" height="32" border="0" alt="&#x2014;&gt;" /></a></td></tr></table><div xmlns="http://www.w3.org/1999/xhtml" class="entry" id="hvo3759">\r\n<span class="headword" lang="ggo-Telu-IN" xml:lang="ggo-Telu-IN">&#3077;&#3103;&#3137;&#3118;&#3149; &#3093;&#3137;&#3103;&#3137;&#3118;&#3149;</span>  <span class="pronunciations"><span class="pronunciation" lang="ggo-fonipa-x-emic" xml:lang="ggo-fonipa-x-emic">[<span lang="ggo-fonipa-x-emic" xml:lang="ggo-fonipa-x-emic">a&#7789;um ku&#7789;um</span></span>]</span> <span class="senses"><span class="sense" id="hvo5202"><span class="LexSense-publishStem-GlossPub_L3" lang="te" xml:lang="te"><span lang="te" xml:lang="te">&#3098;&#3137;&#3103;&#3149;&#3103;&#3122;&#3137; &#3098;&#3137;&#3103;&#3149;&#3103;&#3074;</span></span><span class="examples"><span class="example" lang="ggo-Telu-IN" xml:lang="ggo-Telu-IN"><span lang="ggo-Telu-IN" xml:lang="ggo-Telu-IN">&#3118;&#3120;&#3149;&#3118;&#3135;&#3112;&#3149;&#3093;&#3149; &#3077;&#3103;&#3137;&#3118;&#3149; &#3093;&#3137;&#3103;&#3137;&#3118;&#3137;&#3112;&#3149; &#3128;&#3118;&#3149;&#3110;&#3135;&#3120;&#3149;&#3093;&#3149; &#3093;&#3143;&#3119;&#3074;&#3108;&#3142;&#3120;&#3149;.</span></span> <span class="translations"><span class="translation_L3" lang="te" xml:lang="te"><span lang="te" xml:lang="te">&#3114;&#3142;&#3074;&#3105;&#3149;&#3122;&#3135;&#3122;&#3147; &#3098;&#3137;&#3103;&#3149;&#3103;&#3122;&#3137; &#3098;&#3137;&#3103;&#3149;&#3103;&#3134;&#3122;&#3137; &#3077;&#3074;&#3110;&#3120;&#3135;&#3112;&#3135; &#3114;&#3135;&#3122;&#3137;&#3128;&#3149;&#3108;&#3134;&#3120;&#3137;.</span></span></span></span> <span class="semantic-domains">(sem. domains: <span class="semantic-domain-abbr" lang="en" xml:lang="en"><span lang="en" xml:lang="en">2.6.1.2</span></span> - <span class="semantic-domain-name" lang="en" xml:lang="en"><span lang="en" xml:lang="en">Wedding</span></span></span>.) </span></span>\r\n </div>', ' (అటుమ్ కుటుమ్)', ' (అటుమ్ కుటుమ్)', 'publish', 'open', 'open', '', 'అటమకటమ1.htm', '', '', '2012-04-19 15:16:04', '2012-04-19 20:16:04', '', 0, 'http://localhost/wordpress/?p=42', 0, 'post', '', 0),
(41, 1, '2012-04-19 15:16:04', '2012-04-19 20:16:04', '<table style="border:medium none white;width:100%;"><tr><td><a href="?p=40"><img src="http://localhost/wordpress/wp-content/icons/ArrowLeft.png" width="32" height="32" border="0" alt="&lt;&#x2014;" /></a></td><td style="text-align:right;"><a href="?p=42"><img src="http://localhost/wordpress/wp-content/icons/ArrowRight.png" width="32" height="32" border="0" alt="&#x2014;&gt;" /></a></td></tr></table><div xmlns="http://www.w3.org/1999/xhtml" class="entry" id="hvo4981">\r\n<span class="headword" lang="ggo-Telu-IN" xml:lang="ggo-Telu-IN">&#3077;&#3100;&#3137;&#3093;&#3149;</span>  <span class="pronunciations"><span class="pronunciation" lang="ggo-fonipa-x-emic" xml:lang="ggo-fonipa-x-emic">[<span lang="ggo-fonipa-x-emic" xml:lang="ggo-fonipa-x-emic">ajuk</span></span>]</span> <span class="senses"><span class="sense" id="hvo1120"><span class="grammatical-info"><span class="partofspeech" lang="en" xml:lang="en"><span lang="en" xml:lang="en">conj</span></span> </span> <span class="definition" lang="en" xml:lang="en"><span lang="en" xml:lang="en">even now.</span></span> <span class="LexSense-publishStem-GlossPub_L3" lang="te" xml:lang="te"><span lang="te" xml:lang="te">&#3079;&#3074;&#3093;&#3134;</span></span><span class="examples"><span class="example" lang="ggo-Telu-IN" xml:lang="ggo-Telu-IN"><span lang="ggo-Telu-IN" xml:lang="ggo-Telu-IN">&#3110;&#3137;&#3093;&#3134;&#3112;&#3149; &#3110;&#3134;&#3120;&#3122;&#3149; &#3077;&#3100;&#3137;&#3093;&#3149; &#3081;&#3074;&#3105;&#3142; &#3116;&#3108;&#3074;&#3095;&#3149; &#3114;&#3129;&#3100;&#3149;&#3122;&#3142; &#3079;&#3074;&#3108;&#3146;&#3120;&#3149;.</span></span> <span class="translations"><span class="translation_L3" lang="te" xml:lang="te"><span lang="te" xml:lang="te">&#3110;&#3137;&#3093;&#3134;&#3107; &#3110;&#3134;&#3120;&#3137; &#3079;&#3074;&#3093;&#3134; &#3087;&#3118;&#3135; &#3093;&#3134;&#3125;&#3134;&#3122;&#3135; &#3077;&#3112;&#3135; &#3077;&#3105;&#3137;&#3095;&#3137;&#3108;&#3137;&#3112;&#3149;&#3112;&#3134;&#3105;&#3137;.</span></span></span></span> <span class="semantic-domains">(sem. domains: <span class="semantic-domain-abbr" lang="en" xml:lang="en"><span lang="en" xml:lang="en">9.2.2</span></span> - <span class="semantic-domain-name" lang="en" xml:lang="en"><span lang="en" xml:lang="en">Adverbs</span></span></span>.) </span></span>\r\n </div>', ' (అజుక్)', ' (అజుక్)', 'publish', 'open', 'open', '', 'అజక1.htm', '', '', '2012-04-19 15:16:04', '2012-04-19 20:16:04', '', 0, 'http://localhost/wordpress/?p=41', 0, 'post', '', 0);
INSERT INTO `wp_posts` (`ID`, `post_author`, `post_date`, `post_date_gmt`, `post_content`, `post_title`, `post_excerpt`, `post_status`, `comment_status`, `ping_status`, `post_password`, `post_name`, `to_ping`, `pinged`, `post_modified`, `post_modified_gmt`, `post_content_filtered`, `post_parent`, `guid`, `menu_order`, `post_type`, `post_mime_type`, `comment_count`) VALUES
(40, 1, '2012-04-19 15:16:04', '2012-04-19 20:16:04', '<table style="border:medium none white;width:100%;"><tr><td><a href="?p=39"><img src="http://localhost/wordpress/wp-content/icons/ArrowLeft.png" width="32" height="32" border="0" alt="&lt;&#x2014;" /></a></td><td style="text-align:right;"><a href="?p=41"><img src="http://localhost/wordpress/wp-content/icons/ArrowRight.png" width="32" height="32" border="0" alt="&#x2014;&gt;" /></a></td></tr></table><div xmlns="http://www.w3.org/1999/xhtml" class="entry" id="hvo46">\r\n<span class="headword" lang="ggo-Telu-IN" xml:lang="ggo-Telu-IN">&#3077;&#3098;&#3149;&#3125;&#3136;&#3120;&#3149;</span>  <span class="pronunciations"><span class="pronunciation" lang="ggo-fonipa-x-emic" xml:lang="ggo-fonipa-x-emic">[<span lang="ggo-fonipa-x-emic" xml:lang="ggo-fonipa-x-emic">acv&#299;r</span></span>]</span> <span class="senses"><span class="sense" id="hvo6667"><span class="grammatical-info"><span class="partofspeech" lang="en" xml:lang="en"><span lang="en" xml:lang="en">pro</span></span> </span> <span class="definition" lang="en" xml:lang="en"><span lang="en" xml:lang="en">that many (m.).</span></span> <span class="LexSense-publishStem-GlossPub_L3" lang="te" xml:lang="te"><span lang="te" xml:lang="te">&#3077;&#3074;&#3108;&#3118;&#3074;&#3110;&#3135;</span></span><span class="examples"><span class="example" lang="ggo-Telu-IN" xml:lang="ggo-Telu-IN"><span lang="ggo-Telu-IN" xml:lang="ggo-Telu-IN">&#3077;&#3098;&#3149;&#3125;&#3135;&#3120;&#3149; &#3108;&#3142; &#3118;&#3134;&#3125; &#3120;&#3147;&#3112;&#3149; &#3108;&#3135;&#3112;&#3149;&#3122;&#3142;&#3112;&#3149; &#3125;&#3134;&#3119;&#3112;.</span></span> <span class="translations"><span class="translation_L3" lang="te" xml:lang="te"><span lang="te" xml:lang="te">&#3077;&#3074;&#3108;&#3118;&#3074;&#3110;&#3135; &#3118;&#3134; &#3079;&#3074;&#3103;&#3135;&#3093;&#3135; &#3108;&#3135;&#3112;&#3105;&#3134;&#3112;&#3135;&#3093;&#3135; &#3120;&#3134;&#3125;&#3134;&#3122;&#3135;.</span></span></span></span> <span class="semantic-domains">(sem. domains: <span class="semantic-domain-abbr" lang="en" xml:lang="en"><span lang="en" xml:lang="en">8.1.3.1</span></span> - <span class="semantic-domain-name" lang="en" xml:lang="en"><span lang="en" xml:lang="en">Many, much</span></span></span>.) </span></span>\r\n </div>', ' (అచ్వీర్)', ' (అచ్వీర్)', 'publish', 'open', 'open', '', 'అచవర1.htm', '', '', '2012-04-19 15:16:04', '2012-04-19 20:16:04', '', 0, 'http://localhost/wordpress/?p=40', 0, 'post', '', 0),
(39, 1, '2012-04-19 15:16:04', '2012-04-19 20:16:04', '<table style="border:medium none white;width:100%;"><tr><td><a href="?p=38"><img src="http://localhost/wordpress/wp-content/icons/ArrowLeft.png" width="32" height="32" border="0" alt="&lt;&#x2014;" /></a></td><td style="text-align:right;"><a href="?p=40"><img src="http://localhost/wordpress/wp-content/icons/ArrowRight.png" width="32" height="32" border="0" alt="&#x2014;&gt;" /></a></td></tr></table><div xmlns="http://www.w3.org/1999/xhtml" class="entry" id="hvo1968">\r\n<span class="headword" lang="ggo-Telu-IN" xml:lang="ggo-Telu-IN">&#3077;&#3098;&#3149;&#3098;&#3147;&#3105;&#3149; &#3120;&#3146;&#3114;&#3149;&#3114;&#3146;</span>  <span class="pronunciations"><span class="pronunciation" lang="ggo-fonipa-x-emic" xml:lang="ggo-fonipa-x-emic">[<span lang="ggo-fonipa-x-emic" xml:lang="ggo-fonipa-x-emic">acc&#333;&#7693; roppo</span></span>]</span> <span class="primaryrefs">(<span class="entryref-type"><span class="LexEntryType-publishStemEntryType-AbbreviationPub" lang="en" xml:lang="en"><span lang="en" xml:lang="en">der. of</span></span> </span> <span class="entryref-component"><a href="?p=38"><span class="LexEntry-publishStemComponentTarget-HeadWordRef" lang="ggo-Telu-IN" xml:lang="ggo-Telu-IN">&#3077;&#3098;&#3149;&#3098;&#3146;&#3120;&#3149;</span></a></span></span>) <span class="senses"><span class="sense" id="hvo3991"><span class="grammatical-info"><span class="partofspeech" lang="en" xml:lang="en"><span lang="en" xml:lang="en">adv</span></span> </span> <span class="definition" lang="en" xml:lang="en"><span lang="en" xml:lang="en">meanwhile.</span></span> <span class="LexSense-publishStem-GlossPub_L3" lang="te" xml:lang="te"><span class="xitem" lang="te" xml:lang="te"><span lang="te" xml:lang="te">&#3077;&#3074;&#3108;&#3122;&#3147;</span></span><span class="xitem" lang="hi" xml:lang="hi"><span lang="hi" xml:lang="hi">&#2311;&#2360;&#2368; &#2342;&#2380;&#2352;&#2366;&#2344;</span></span></span><span class="examples"><span class="example" lang="ggo-Telu-IN" xml:lang="ggo-Telu-IN"><span lang="ggo-Telu-IN" xml:lang="ggo-Telu-IN">&#3116;&#3137;&#3119;&#3120;&#3135;&#3108;&#3095; &#3077;&#3098;&#3149;&#3098;&#3146;&#3105;&#3149; &#3120;&#3146;&#3114;&#3149;&#3114;&#3146; &#3112;&#3143;&#3074;&#3095;&#3149;&#3118;&#3134;.</span></span> <span class="translations"><span class="translation_L3" lang="te" xml:lang="te"><span lang="te" xml:lang="te">&#3095;&#3137;&#3129;&#3122;&#3147; &#3098;&#3134;&#3122; &#3122;&#3147;&#3114;&#3122;&#3135;&#3093;&#3135; &#3125;&#3142;&#3123;&#3149;&#3122;&#3093;&#3137;.</span></span></span></span> <span class="semantic-domains">(sem. domains: <span class="xitem"><span class="semantic-domain-abbr" lang="en" xml:lang="en"><span lang="en" xml:lang="en">9.2.2</span></span> - <span class="semantic-domain-name" lang="en" xml:lang="en"><span lang="en" xml:lang="en">Adverbs</span></span></span><span class="xitem">, <span class="semantic-domain-abbr" lang="en" xml:lang="en"><span lang="en" xml:lang="en">9.6.3.5</span></span> - <span class="semantic-domain-name" lang="en" xml:lang="en"><span lang="en" xml:lang="en">Markers of identificational and explanatory clauses </span></span></span></span>.) </span></span>\r\n </div>', ' (అచ్చోడ్ రొప్పొ)', ' (అచ్చోడ్ రొప్పొ)', 'publish', 'open', 'open', '', 'అచచడరపప1.htm', '', '', '2012-04-19 15:16:04', '2012-04-19 20:16:04', '', 0, 'http://localhost/wordpress/?p=39', 0, 'post', '', 0),
(38, 1, '2012-04-19 15:16:04', '2012-04-19 20:16:04', '<table style="border:medium none white;width:100%;"><tr><td><a href="?p=37"><img src="http://localhost/wordpress/wp-content/icons/ArrowLeft.png" width="32" height="32" border="0" alt="&lt;&#x2014;" /></a></td><td style="text-align:right;"><a href="?p=39"><img src="http://localhost/wordpress/wp-content/icons/ArrowRight.png" width="32" height="32" border="0" alt="&#x2014;&gt;" /></a></td></tr></table><div xmlns="http://www.w3.org/1999/xhtml" class="entry" id="hvo4826">\r\n<span class="headword" lang="ggo-Telu-IN" xml:lang="ggo-Telu-IN">&#3077;&#3098;&#3149;&#3098;&#3146;&#3120;&#3149;</span>  <span class="pronunciations"><span class="pronunciation" lang="ggo-fonipa-x-emic" xml:lang="ggo-fonipa-x-emic">[<span lang="ggo-fonipa-x-emic" xml:lang="ggo-fonipa-x-emic">accor</span></span>]</span> <span class="senses"><span class="sense" id="hvo56"><span class="grammatical-info"><span class="partofspeech" lang="en" xml:lang="en"><span lang="en" xml:lang="en">adv</span></span> </span> <span class="definition" lang="en" xml:lang="en"><span lang="en" xml:lang="en">that much, that many (nm.).</span></span> <span class="LexSense-publishStem-GlossPub_L3" lang="te" xml:lang="te"><span lang="te" xml:lang="te">&#3077;&#3074;&#3108;</span></span><span class="examples"><span class="example" lang="ggo-Telu-IN" xml:lang="ggo-Telu-IN"><span lang="ggo-Telu-IN" xml:lang="ggo-Telu-IN">&#3112;&#3135;&#3118;&#3149;&#3118;&#3142; &#3077;&#3098;&#3149;&#3098;&#3146;&#3120;&#3149; &#3105;&#3095;&#3137;&#3120;&#3149; &#3116;&#3129;&#3112;&#3149; &#3078;&#3108;&#3135;.</span></span> <span class="translations"><span class="translation_L3" lang="te" xml:lang="te"><span lang="te" xml:lang="te">&#3112;&#3136;&#3125;&#3137; &#3077;&#3074;&#3108; &#3114;&#3142;&#3110;&#3149;&#3110;&#3095;&#3134; &#3087;&#3122;&#3134; &#3077;&#3119;&#3135;&#3112;&#3134;&#3125;&#3137;.</span></span></span></span> <span class="semantic-domains">(sem. domains: <span class="xitem"><span class="semantic-domain-abbr" lang="en" xml:lang="en"><span lang="en" xml:lang="en">8.1.3.1</span></span> - <span class="semantic-domain-name" lang="en" xml:lang="en"><span lang="en" xml:lang="en">Many, much</span></span></span><span class="xitem">, <span class="semantic-domain-abbr" lang="en" xml:lang="en"><span lang="en" xml:lang="en">9.3.1</span></span> - <span class="semantic-domain-name" lang="en" xml:lang="en"><span lang="en" xml:lang="en">Degree</span></span></span><span class="xitem">, <span class="semantic-domain-abbr" lang="en" xml:lang="en"><span lang="en" xml:lang="en">3.3.1.1</span></span> - <span class="semantic-domain-name" lang="en" xml:lang="en"><span lang="en" xml:lang="en">Purpose, goal</span></span></span></span>.) </span></span> <span class="complexformrefs"><span class="complexform-type"><span class="LexEntryType-publishStemComplexFormType-ReverseAbbrPub" lang="en" xml:lang="en"><span lang="en" xml:lang="en">der.</span></span></span> <span class="complexform-form" lang="ggo-Telu-IN" xml:lang="ggo-Telu-IN">&#3077;&#3098;&#3149;&#3098;&#3147;&#3105;&#3149; &#3120;&#3146;&#3114;&#3149;&#3114;&#3146;</span> </span>\r\n </div>', ' (అచ్చొర్)', ' (అచ్చొర్)', 'publish', 'open', 'open', '', 'అచచర1.htm', '', '', '2012-04-19 15:16:04', '2012-04-19 20:16:04', '', 0, 'http://localhost/wordpress/?p=38', 0, 'post', '', 0),
(37, 1, '2012-04-19 15:16:04', '2012-04-19 20:16:04', '<table style="border:medium none white;width:100%;"><tr><td><a href="?p=36"><img src="http://localhost/wordpress/wp-content/icons/ArrowLeft.png" width="32" height="32" border="0" alt="&lt;&#x2014;" /></a></td><td style="text-align:right;"><a href="?p=38"><img src="http://localhost/wordpress/wp-content/icons/ArrowRight.png" width="32" height="32" border="0" alt="&#x2014;&gt;" /></a></td></tr></table><div xmlns="http://www.w3.org/1999/xhtml" class="entry" id="hvo6478">\r\n<span class="headword" lang="ggo-Telu-IN" xml:lang="ggo-Telu-IN">&#3077;&#3098;&#3149;&#3098;&#3146;&#3120;&#3142;</span>  <span class="pronunciations"><span class="pronunciation" lang="ggo-fonipa-x-emic" xml:lang="ggo-fonipa-x-emic">[<span lang="ggo-fonipa-x-emic" xml:lang="ggo-fonipa-x-emic">accore</span></span>]</span> <span class="senses"><span class="sense"/><span class="xsensenumber">1</span>) <span class="sense" id="hvo7224"><span class="LexSense-publishStem-GlossPub_L3" lang="te" xml:lang="te"><span lang="te" xml:lang="te">&#3079;&#3074;&#3108;&#3143;</span></span><span class="examples"><span class="example" lang="ggo-Telu-IN" xml:lang="ggo-Telu-IN"><span lang="ggo-Telu-IN" xml:lang="ggo-Telu-IN">&#3093;&#3134;&#3074;&#3105;&#3135;&#3120;&#3074;&#3095;&#3149; &#3114;&#3120;&#3135;&#3093;&#3149;&#3128;&#3074;&#3095;&#3149; &#3077;&#3098;&#3149;&#3098;&#3146;&#3120;&#3142;.</span></span> <span class="translations"><span class="translation_L3" lang="te" xml:lang="te"><span lang="te" xml:lang="te">&#3114;&#3135;&#3122;&#3149;&#3122;&#3122; &#3114;&#3120;&#3136;&#3093;&#3149;&#3127;&#3122;&#3137; &#3079;&#3074;&#3108;&#3143;.</span></span></span></span> <span class="semantic-domains">(sem. domains: <span class="semantic-domain-abbr" lang="en" xml:lang="en"><span lang="en" xml:lang="en">3.6.7</span></span> - <span class="semantic-domain-name" lang="en" xml:lang="en"><span lang="en" xml:lang="en">Test</span></span></span>.) </span><span class="xsensenumber">2</span>) <span class="sense" id="hvo5900"><span class="definition" lang="en" xml:lang="en"><span lang="en" xml:lang="en">that''s all</span></span> </span></span>\r\n </div>', ' (అచ్చొరె)', ' (అచ్చొరె)', 'publish', 'open', 'open', '', 'అచచర2.htm', '', '', '2012-04-19 15:16:04', '2012-04-19 20:16:04', '', 0, 'http://localhost/wordpress/?p=37', 0, 'post', '', 0),
(36, 1, '2012-04-19 15:16:04', '2012-04-19 20:16:04', '<table style="border:medium none white;width:100%;"><tr><td><a href="?p=35"><img src="http://localhost/wordpress/wp-content/icons/ArrowLeft.png" width="32" height="32" border="0" alt="&lt;&#x2014;" /></a></td><td style="text-align:right;"><a href="?p=37"><img src="http://localhost/wordpress/wp-content/icons/ArrowRight.png" width="32" height="32" border="0" alt="&#x2014;&gt;" /></a></td></tr></table><div xmlns="http://www.w3.org/1999/xhtml" class="entry" id="hvo2169">\r\n<span class="headword" lang="ggo-Telu-IN" xml:lang="ggo-Telu-IN">&#3077;&#3098;&#3146;&#3103;&#3149;&#3093;&#3149;</span>  <span class="pronunciations"><span class="pronunciation" lang="ggo-fonipa-x-emic" xml:lang="ggo-fonipa-x-emic">[<span lang="ggo-fonipa-x-emic" xml:lang="ggo-fonipa-x-emic">aco&#7789;k</span></span>]</span> <span class="senses"><span class="sense" id="hvo8893"><span class="grammatical-info"><span class="partofspeech" lang="en" xml:lang="en"><span lang="en" xml:lang="en">n</span></span> </span> <span class="definition" lang="en" xml:lang="en"><span lang="en" xml:lang="en">usual</span></span> <span class="LexSense-publishStem-GlossPub_L3" lang="te" xml:lang="te"><span class="xitem" lang="te" xml:lang="te"><span lang="te" xml:lang="te">&#3118;&#3134;&#3118;&#3138;&#3122;&#3137;</span></span><span class="xitem" lang="hi" xml:lang="hi"><span lang="hi" xml:lang="hi">&#2360;&#2366;&#2343;&#2366;&#2352;&#2339;</span></span></span><span class="semantic-domains">(sem. domains: <span class="semantic-domain-abbr" lang="en" xml:lang="en"><span lang="en" xml:lang="en">8.1.3.1</span></span> - <span class="semantic-domain-name" lang="en" xml:lang="en"><span lang="en" xml:lang="en">Many, much</span></span></span>.) </span></span>\r\n </div>', ' (అచొట్క్)', ' (అచొట్క్)', 'publish', 'open', 'open', '', 'అచటక1.htm', '', '', '2012-04-19 15:16:04', '2012-04-19 20:16:04', '', 0, 'http://localhost/wordpress/?p=36', 0, 'post', '', 0),
(35, 1, '2012-04-19 15:16:04', '2012-04-19 20:16:04', '<table style="border:medium none white;width:100%;"><tr><td><a href="?p=34"><img src="http://localhost/wordpress/wp-content/icons/ArrowLeft.png" width="32" height="32" border="0" alt="&lt;&#x2014;" /></a></td><td style="text-align:right;"><a href="?p=36"><img src="http://localhost/wordpress/wp-content/icons/ArrowRight.png" width="32" height="32" border="0" alt="&#x2014;&gt;" /></a></td></tr></table><div xmlns="http://www.w3.org/1999/xhtml" class="entry" id="hvo8455">\r\n<span class="headword" lang="ggo-Telu-IN" xml:lang="ggo-Telu-IN">&#3077;&#3098;&#3112;&#3093;&#3149;</span>  <span class="pronunciations"><span class="pronunciation" lang="ggo-fonipa-x-emic" xml:lang="ggo-fonipa-x-emic">[<span lang="ggo-fonipa-x-emic" xml:lang="ggo-fonipa-x-emic">acanak</span></span>]</span> <span class="senses"><span class="sense" id="hvo2624"><span class="grammatical-info"><span class="partofspeech" lang="en" xml:lang="en"><span lang="en" xml:lang="en">adv</span></span> </span> <span class="definition" lang="en" xml:lang="en"><span lang="en" xml:lang="en">suddenly</span></span> <span class="LexSense-publishStem-GlossPub_L3" lang="te" xml:lang="te"><span lang="te" xml:lang="te">&#3078;&#3093;&#3128;&#3149;&#3118;&#3135;&#3093;&#3074;&#3095;&#3134;</span></span><span class="examples"><span class="example" lang="ggo-Telu-IN" xml:lang="ggo-Telu-IN"><span lang="ggo-Telu-IN" xml:lang="ggo-Telu-IN">&#3118;&#3134;&#3125; &#3128;&#3134;&#3105;&#3108;&#3142; &#3077;&#3098;&#3112;&#3093;&#3149; &#3114;&#3135;.&#3091;. &#3128;&#3134;&#3116;&#3149; &#3125;&#3134;&#3128;&#3135; &#3118;&#3108;&#3149;&#3108;&#3146;&#3120;&#3149;.</span></span> <span class="translations"><span class="translation_L3" lang="te" xml:lang="te"><span lang="te" xml:lang="te">&#3118;&#3134; &#3116;&#3105;&#3135;&#3093;&#3135; &#3114;&#3135;.&#3091; &#3078;&#3093;&#3128;&#3149;&#3118;&#3135;&#3093;&#3074;&#3095;&#3134; &#3125;&#3098;&#3149;&#3098;&#3135;&#3112;&#3134;&#3105;&#3137;.</span></span></span></span> <span class="semantic-domains">(sem. domains: <span class="xitem"><span class="semantic-domain-abbr" lang="en" xml:lang="en"><span lang="en" xml:lang="en">8.4.6.4.4</span></span> - <span class="semantic-domain-name" lang="en" xml:lang="en"><span lang="en" xml:lang="en">Immediately</span></span></span><span class="xitem">, <span class="semantic-domain-abbr" lang="en" xml:lang="en"><span lang="en" xml:lang="en">4.4.2.3</span></span> - <span class="semantic-domain-name" lang="en" xml:lang="en"><span lang="en" xml:lang="en">Accident</span></span></span></span>.) </span></span>\r\n </div>', ' (అచనక్)', ' (అచనక్)', 'publish', 'open', 'open', '', 'అచనక1.htm', '', '', '2012-04-19 15:16:04', '2012-04-19 20:16:04', '', 0, 'http://localhost/wordpress/?p=35', 0, 'post', '', 0),
(34, 1, '2012-04-19 15:16:04', '2012-04-19 20:16:04', '<table style="border:medium none white;width:100%;"><tr><td><a href="?p=33"><img src="http://localhost/wordpress/wp-content/icons/ArrowLeft.png" width="32" height="32" border="0" alt="&lt;&#x2014;" /></a></td><td style="text-align:right;"><a href="?p=35"><img src="http://localhost/wordpress/wp-content/icons/ArrowRight.png" width="32" height="32" border="0" alt="&#x2014;&gt;" /></a></td></tr></table><div xmlns="http://www.w3.org/1999/xhtml" class="entry" id="hvo9478">\r\n<span class="headword" lang="ggo-Telu-IN" xml:lang="ggo-Telu-IN">&#3077;&#3097;&#3142;</span>  <span class="pronunciations"><span class="pronunciation" lang="ggo-fonipa-x-emic" xml:lang="ggo-fonipa-x-emic">[<span lang="ggo-fonipa-x-emic" xml:lang="ggo-fonipa-x-emic">a&#7749;e</span></span>]</span> <span class="senses"><span class="sense" id="hvo6011"><span class="grammatical-info"><span class="partofspeech" lang="en" xml:lang="en"><span lang="en" xml:lang="en">n</span></span> </span> <span class="definition" lang="en" xml:lang="en"><span lang="en" xml:lang="en">elder brother''s wife.</span></span> <span class="LexSense-publishStem-GlossPub_L3" lang="te" xml:lang="te"><span class="xitem" lang="te" xml:lang="te"><span lang="te" xml:lang="te">&#3125;&#3110;&#3135;&#3112;</span></span><span class="xitem" lang="hi" xml:lang="hi"><span lang="hi" xml:lang="hi">&#2349;&#2366;&#2348;&#2367;</span></span></span><span class="examples"><span class="example" lang="ggo-Telu-IN" xml:lang="ggo-Telu-IN"><span lang="ggo-Telu-IN" xml:lang="ggo-Telu-IN">&#3118;&#3134;&#3125;&#3146;&#3120;&#3149; &#3110;&#3134;&#3110;&#3112; &#3116;&#3134;&#3119;&#3149;&#3093;&#3146; &#3112;&#3134;&#3093;&#3137;&#3112;&#3149; &#3077;&#3097;&#3142; &#3078;&#3074;&#3108;.</span></span> <span class="translations"><span class="translation_L3" lang="te" xml:lang="te"><span lang="te" xml:lang="te">&#3118;&#3134; &#3077;&#3112;&#3149;&#3112;&#3119;&#3149;&#3119; &#3114;&#3142;&#3074;&#3105;&#3149;&#3122;&#3074; &#3112;&#3134;&#3093;&#3137; &#3125;&#3110;&#3135;&#3112; &#3077;&#3125;&#3137;&#3108;&#3137;&#3074;&#3110;&#3135;.</span></span></span></span> <span class="semantic-domains">(sem. domains: <span class="semantic-domain-abbr" lang="en" xml:lang="en"><span lang="en" xml:lang="en">4.1.9</span></span> - <span class="semantic-domain-name" lang="en" xml:lang="en"><span lang="en" xml:lang="en">Kinship</span></span></span>.) </span></span>\r\n </div>', ' (అఙె)', ' (అఙె)', 'publish', 'open', 'open', '', 'అఙ1.htm', '', '', '2012-04-19 15:16:04', '2012-04-19 20:16:04', '', 0, 'http://localhost/wordpress/?p=34', 0, 'post', '', 0),
(33, 1, '2012-04-19 15:16:04', '2012-04-19 20:16:04', '<table style="border:medium none white;width:100%;"><tr><td><a href="?p=32"><img src="http://localhost/wordpress/wp-content/icons/ArrowLeft.png" width="32" height="32" border="0" alt="&lt;&#x2014;" /></a></td><td style="text-align:right;"><a href="?p=34"><img src="http://localhost/wordpress/wp-content/icons/ArrowRight.png" width="32" height="32" border="0" alt="&#x2014;&gt;" /></a></td></tr></table><div xmlns="http://www.w3.org/1999/xhtml" class="entry" id="hvo9541">\r\n<span class="headword" lang="ggo-Telu-IN" xml:lang="ggo-Telu-IN">&#3077;&#3095;&#3149;&#3095;&#3103;&#3146;&#3120;&#3149;</span>  <span class="pronunciations"><span class="pronunciation" lang="ggo-fonipa-x-emic" xml:lang="ggo-fonipa-x-emic">[<span lang="ggo-fonipa-x-emic" xml:lang="ggo-fonipa-x-emic">agga</span></span>]</span> <span class="senses"><span class="xsensenumber">1</span>) <span class="sense" id="hvo6398"><span class="grammatical-info"><span class="partofspeech" lang="en" xml:lang="en"><span lang="en" xml:lang="en">adv</span></span> </span> <span class="definition" lang="en" xml:lang="en"><span lang="en" xml:lang="en">there.</span></span> <span class="LexSense-publishStem-GlossPub_L3" lang="te" xml:lang="te"><span class="xitem" lang="te" xml:lang="te"><span lang="te" xml:lang="te">&#3077;&#3093;&#3149;&#3093;&#3105;</span></span><span class="xitem" lang="hi" xml:lang="hi"><span lang="hi" xml:lang="hi">&#2357;&#2361;&#2366;</span></span></span><span class="examples"><span class="example" lang="ggo-Telu-IN" xml:lang="ggo-Telu-IN"><span lang="ggo-Telu-IN" xml:lang="ggo-Telu-IN">&#3125;&#3143;&#3120;&#3149; &#3125;&#3142;&#3120;&#3149;&#3108;&#3122;&#3149; &#3077;&#3095;&#3149;&#3095;&#3103;&#3146;&#3120;&#3149; &#3078;&#3074;&#3110;&#3137;&#3120;&#3149;.</span></span> <span class="translations"><span class="translation_L3" lang="te" xml:lang="te"><span lang="te" xml:lang="te">&#3080; &#3098;&#3137;&#3103;&#3149;&#3103;&#3118;&#3137; &#3077;&#3093;&#3149;&#3093;&#3105;&#3135; &#3125;&#3134;&#3105;&#3137;.</span></span></span></span> <span class="semantic-domains">(sem. domains: <span class="semantic-domain-abbr" lang="en" xml:lang="en"><span lang="en" xml:lang="en">8.5.1.7</span></span> - <span class="semantic-domain-name" lang="en" xml:lang="en"><span lang="en" xml:lang="en">Indefinite location</span></span></span>.) </span><span class="xsensenumber">2</span>) <span class="sense" id="hvo4223"><span class="definition" lang="en" xml:lang="en"><span lang="en" xml:lang="en">there</span></span> </span></span> <span class="complexformrefs"><span class="complexform-type"><span class="LexEntryType-publishStemComplexFormType-ReverseAbbrPub" lang="en" xml:lang="en"><span lang="en" xml:lang="en">der.</span></span></span> <span class="complexform-form" lang="ggo-Telu-IN" xml:lang="ggo-Telu-IN">&#3077;&#3095;&#3149;&#3095;&#3103;&#3146;&#3120;</span> </span>\r\n </div>', ' (అగ్గటొర్)', ' (అగ్గటొర్)', 'publish', 'open', 'open', '', 'అగగటర1.htm', '', '', '2012-04-19 15:16:04', '2012-04-19 20:16:04', '', 0, 'http://localhost/wordpress/?p=33', 0, 'post', '', 0),
(32, 1, '2012-04-19 15:16:04', '2012-04-19 20:16:04', '<table style="border:medium none white;width:100%;"><tr><td><a href="?p=31"><img src="http://localhost/wordpress/wp-content/icons/ArrowLeft.png" width="32" height="32" border="0" alt="&lt;&#x2014;" /></a></td><td style="text-align:right;"><a href="?p=33"><img src="http://localhost/wordpress/wp-content/icons/ArrowRight.png" width="32" height="32" border="0" alt="&#x2014;&gt;" /></a></td></tr></table><div xmlns="http://www.w3.org/1999/xhtml" class="entry" id="hvo4493">\r\n<span class="headword" lang="ggo-Telu-IN" xml:lang="ggo-Telu-IN">&#3077;&#3095;&#3149;&#3095;&#3103;&#3146;&#3120;</span>  <span class="pronunciations"><span class="pronunciation" lang="ggo-fonipa-x-emic" xml:lang="ggo-fonipa-x-emic">[<span lang="ggo-fonipa-x-emic" xml:lang="ggo-fonipa-x-emic">agga&#7789;or</span></span>]</span> <span class="primaryrefs">(<span class="entryref-type"><span class="LexEntryType-publishStemEntryType-AbbreviationPub" lang="en" xml:lang="en"><span lang="en" xml:lang="en">der. of</span></span> </span> <span class="entryref-component"><a href="?p=33"><span class="LexEntry-publishStemComponentTarget-HeadWordRef" lang="ggo-Telu-IN" xml:lang="ggo-Telu-IN">&#3077;&#3095;&#3149;&#3095;&#3103;&#3146;&#3120;&#3149;</span></a></span></span>) <span class="senses"><span class="sense" id="hvo2190"><span class="grammatical-info"><span class="partofspeech" lang="en" xml:lang="en"><span lang="en" xml:lang="en">n</span></span> </span> <span class="definition" lang="en" xml:lang="en"><span lang="en" xml:lang="en">man from there.</span></span> <span class="LexSense-publishStem-GlossPub_L3" lang="te" xml:lang="te"><span lang="te" xml:lang="te">&#3077;&#3093;&#3149;&#3093;&#3105;&#3135;&#3125;&#3134;&#3120;&#3137;</span></span><span class="examples"><span class="example" lang="ggo-Telu-IN" xml:lang="ggo-Telu-IN"><span lang="ggo-Telu-IN" xml:lang="ggo-Telu-IN">&#3125;&#3143;&#3120;&#3149; &#3118;&#3134;&#3119;&#3149;&#3112;&#3122;&#3149; &#3077;&#3095;&#3149;&#3095;&#3103;&#3146;&#3120;&#3149;.</span></span> <span class="translations"><span class="translation" lang="en" xml:lang="en"><span class="xitem" lang="en" xml:lang="en"><span lang="en" xml:lang="en">This man is from there.</span></span><span class="xitem" lang="te" xml:lang="te"> <span lang="te" xml:lang="te">&#3080; &#3125;&#3149;&#3119;&#3093;&#3149;&#3108;&#3135; &#3077;&#3093;&#3149;&#3093;&#3105;&#3135; &#3125;&#3134;&#3120;&#3137;.</span></span></span> </span></span> <span class="semantic-domains">(sem. domains: <span class="xitem"><span class="semantic-domain-abbr" lang="en" xml:lang="en"><span lang="en" xml:lang="en">4.1</span></span> - <span class="semantic-domain-name" lang="en" xml:lang="en"><span lang="en" xml:lang="en">Relationships</span></span></span><span class="xitem">, <span class="semantic-domain-abbr" lang="en" xml:lang="en"><span lang="en" xml:lang="en">4.1.2</span></span> - <span class="semantic-domain-name" lang="en" xml:lang="en"><span lang="en" xml:lang="en">Types of people</span></span></span></span>.) </span></span>\r\n </div>', ' (అగ్గటొర)', ' (అగ్గటొర)', 'publish', 'open', 'open', '', 'అగగటర2.htm', '', '', '2012-04-19 15:16:04', '2012-04-19 20:16:04', '', 0, 'http://localhost/wordpress/?p=32', 0, 'post', '', 0),
(31, 1, '2012-04-19 15:16:04', '2012-04-19 20:16:04', '<table style="border:medium none white;width:100%;"><tr><td><a href="?p=30"><img src="http://localhost/wordpress/wp-content/icons/ArrowLeft.png" width="32" height="32" border="0" alt="&lt;&#x2014;" /></a></td><td style="text-align:right;"><a href="?p=32"><img src="http://localhost/wordpress/wp-content/icons/ArrowRight.png" width="32" height="32" border="0" alt="&#x2014;&gt;" /></a></td></tr></table><div xmlns="http://www.w3.org/1999/xhtml" class="entry" id="hvo10399">\r\n<span class="headword" lang="ggo-Telu-IN" xml:lang="ggo-Telu-IN">&#3077;&#3095;&#3149;&#3095;&#3103;&#3122;&#3149;</span>  <span class="pronunciations"><span class="pronunciation" lang="ggo-fonipa-x-emic" xml:lang="ggo-fonipa-x-emic">[<span lang="ggo-fonipa-x-emic" xml:lang="ggo-fonipa-x-emic">agga&#7789;al</span></span>]</span> <span class="senses"><span class="sense"><span class="grammatical-info"><span class="partofspeech" lang="en" xml:lang="en"><span lang="en" xml:lang="en">adv</span></span> </span> </span><span class="xsensenumber">1</span>) <span class="sense" id="hvo8970"><span class="definition" lang="en" xml:lang="en"><span lang="en" xml:lang="en">from there (nm.)</span></span> <span class="LexSense-publishStem-GlossPub_L3" lang="te" xml:lang="te"><span class="xitem" lang="te" xml:lang="te"><span lang="te" xml:lang="te">&#3112;&#3137;&#3074;&#3098;&#3135;</span></span><span class="xitem" lang="hi" xml:lang="hi"><span lang="hi" xml:lang="hi">&#2357;&#2361;&#2366; &#2360;&#2375;</span></span></span><span class="semantic-domains">(sem. domains: <span class="semantic-domain-abbr" lang="en" xml:lang="en"><span lang="en" xml:lang="en">9.6.1.6</span></span> - <span class="semantic-domain-name" lang="en" xml:lang="en"><span lang="en" xml:lang="en">Dissociation</span></span></span>.) </span><span class="xsensenumber">2</span>) <span class="sense" id="hvo9632"><span class="definition" lang="en" xml:lang="en"><span lang="en" xml:lang="en">someone (nm.) or something from there.</span></span> <span class="LexSense-publishStem-GlossPub_L3" lang="te" xml:lang="te"><span lang="te" xml:lang="te">&#3077;&#3093;&#3149;&#3093;&#3105;&#3112;&#3137;&#3074;&#3105;&#3135;</span></span><span class="examples"><span class="example" lang="ggo-Telu-IN" xml:lang="ggo-Telu-IN"><span lang="ggo-Telu-IN" xml:lang="ggo-Telu-IN">&#3077;&#3095;&#3149;&#3095;&#3103;&#3122;&#3149; &#3112;&#3112;&#3149;&#3112; &#3112;&#3136;&#3093;&#3137;&#3112;&#3149; &#3128;&#3138;&#3105;&#3149;&#3108;&#3146;&#3112;&#3149;.</span></span> <span class="translations"><span class="translation_L3" lang="te" xml:lang="te"><span lang="te" xml:lang="te">&#3077;&#3093;&#3149;&#3093;&#3105;&#3135; &#3112;&#3137;&#3074;&#3105;&#3135; &#3112;&#3143;&#3112;&#3137; &#3112;&#3135;&#3112;&#3149;&#3112;&#3137; &#3098;&#3138;&#3128;&#3134;&#3112;&#3137;.</span></span></span></span> </span></span>\r\n </div>', ' (అగ్గటల్)', ' (అగ్గటల్)', 'publish', 'open', 'open', '', 'అగగటల1.htm', '', '', '2012-04-19 15:16:04', '2012-04-19 20:16:04', '', 0, 'http://localhost/wordpress/?p=31', 0, 'post', '', 0);
INSERT INTO `wp_posts` (`ID`, `post_author`, `post_date`, `post_date_gmt`, `post_content`, `post_title`, `post_excerpt`, `post_status`, `comment_status`, `ping_status`, `post_password`, `post_name`, `to_ping`, `pinged`, `post_modified`, `post_modified_gmt`, `post_content_filtered`, `post_parent`, `guid`, `menu_order`, `post_type`, `post_mime_type`, `comment_count`) VALUES
(30, 1, '2012-04-19 15:16:04', '2012-04-19 20:16:04', '<table style="border:medium none white;width:100%;"><tr><td><a href="?p=29"><img src="http://localhost/wordpress/wp-content/icons/ArrowLeft.png" width="32" height="32" border="0" alt="&lt;&#x2014;" /></a></td><td style="text-align:right;"><a href="?p=31"><img src="http://localhost/wordpress/wp-content/icons/ArrowRight.png" width="32" height="32" border="0" alt="&#x2014;&gt;" /></a></td></tr></table><div xmlns="http://www.w3.org/1999/xhtml" class="entry" id="hvo10413">\r\n<span class="headword" lang="ggo-Telu-IN" xml:lang="ggo-Telu-IN">&#3077;&#3093;&#3149;&#3128;&#3142;&#3120;&#3149;</span>  <span class="pronunciations"><span class="pronunciation" lang="ggo-fonipa-x-emic" xml:lang="ggo-fonipa-x-emic">[<span lang="ggo-fonipa-x-emic" xml:lang="ggo-fonipa-x-emic">akser</span></span>]</span> <span class="senses"><span class="sense" id="hvo8050"><span class="grammatical-info"><span class="partofspeech" lang="en" xml:lang="en"><span lang="en" xml:lang="en">n</span></span> </span> <span class="definition" lang="en" xml:lang="en"><span lang="en" xml:lang="en">character</span></span> <span class="LexSense-publishStem-GlossPub_L3" lang="te" xml:lang="te"><span class="xitem" lang="te" xml:lang="te"><span lang="te" xml:lang="te">&#3077;&#3093;&#3149;&#3127;&#3120;&#3074;</span></span><span class="xitem" lang="hi" xml:lang="hi"><span lang="hi" xml:lang="hi">&#2309;&#2325;&#2381;&#2359;&#2352;; &#2357;&#2352;&#2381;&#2339;</span></span></span><span class="examples"><span class="example" lang="ggo-Telu-IN" xml:lang="ggo-Telu-IN"><span lang="ggo-Telu-IN" xml:lang="ggo-Telu-IN">&#3077;&#3093;&#3149;&#3128;&#3142;&#3120;&#3149; &#3081;&#3074;&#3110;&#3135; &#3095;&#3137;&#3112;&#3074;.</span></span> <span class="translations"><span class="translation_L3" lang="te" xml:lang="te"><span lang="te" xml:lang="te">&#3077;&#3093;&#3149;&#3127;&#3120;&#3074; &#3081;&#3074;&#3110;&#3135; &#3095;&#3137;&#3107;&#3074;.</span></span></span></span> <span class="semantic-domains">(sem. domains: <span class="semantic-domain-abbr" lang="en" xml:lang="en"><span lang="en" xml:lang="en">8.3</span></span> - <span class="semantic-domain-name" lang="en" xml:lang="en"><span lang="en" xml:lang="en">Quality</span></span></span>.) </span></span>\r\n </div>', ' (అక్సెర్)', ' (అక్సెర్)', 'publish', 'open', 'open', '', 'అకసర1.htm', '', '', '2012-04-19 15:16:04', '2012-04-19 20:16:04', '', 0, 'http://localhost/wordpress/?p=30', 0, 'post', '', 0),
(29, 1, '2012-04-19 15:16:04', '2012-04-19 20:16:04', '<table style="border:medium none white;width:100%;"><tr><td><a href="?p=28"><img src="http://localhost/wordpress/wp-content/icons/ArrowLeft.png" width="32" height="32" border="0" alt="&lt;&#x2014;" /></a></td><td style="text-align:right;"><a href="?p=30"><img src="http://localhost/wordpress/wp-content/icons/ArrowRight.png" width="32" height="32" border="0" alt="&#x2014;&gt;" /></a></td></tr></table><div xmlns="http://www.w3.org/1999/xhtml" class="entry" id="hvo5185">\r\n<span class="headword" lang="ggo-Telu-IN" xml:lang="ggo-Telu-IN">&#3077;&#3093;&#3149;&#3128;&#3142;&#3110;&#3112; &#3110;&#3135;&#3125;&#3146;&#3128;&#3149;</span>  <span class="pronunciations"><span class="pronunciation" lang="ggo-fonipa-x-emic" xml:lang="ggo-fonipa-x-emic">[<span lang="ggo-fonipa-x-emic" xml:lang="ggo-fonipa-x-emic">aksedana divos</span></span>]</span> <span class="senses"><span class="sense" id="hvo8509"><span class="definition" lang="en" xml:lang="en"><span lang="en" xml:lang="en">wedding day</span></span> <span class="LexSense-publishStem-GlossPub_L3" lang="te" xml:lang="te"><span lang="te" xml:lang="te">&#3114;&#3142;&#3123;&#3149;&#3122;&#3135; &#3120;&#3147;&#3100;&#3137;</span></span><span class="semantic-domains">(sem. domains: <span class="semantic-domain-abbr" lang="en" xml:lang="en"><span lang="en" xml:lang="en">2.6.1.2</span></span> - <span class="semantic-domain-name" lang="en" xml:lang="en"><span lang="en" xml:lang="en">Wedding</span></span></span>.) </span></span>\r\n </div>', ' (అక్సెదన దివొస్)', ' (అక్సెదన దివొస్)', 'publish', 'open', 'open', '', 'అకసదనదవస1.htm', '', '', '2012-04-19 15:16:04', '2012-04-19 20:16:04', '', 0, 'http://localhost/wordpress/?p=29', 0, 'post', '', 0),
(28, 1, '2012-04-19 15:16:04', '2012-04-19 20:16:04', '<table style="border:medium none white;width:100%;"><tr><td><a href="?p=27"><img src="http://localhost/wordpress/wp-content/icons/ArrowLeft.png" width="32" height="32" border="0" alt="&lt;&#x2014;" /></a></td><td style="text-align:right;"><a href="?p=29"><img src="http://localhost/wordpress/wp-content/icons/ArrowRight.png" width="32" height="32" border="0" alt="&#x2014;&gt;" /></a></td></tr></table><div xmlns="http://www.w3.org/1999/xhtml" class="entry" id="hvo2907">\r\n<div class="pictureRight"><img class="picture" src="Pictures/rice with tumeric.jpg" alt="Pictures/rice with tumeric.jpg"/><div class="pictureCaption"><div class="CmPicture-publishStemPile-ThumbnailPub">\r\n</div>\r\n <span class="pictureLabel" lang="en" xml:lang="en"><span lang="en" xml:lang="en">rice with tumeric</span></span></div></div>\r\n<span class="headword" lang="ggo-Telu-IN" xml:lang="ggo-Telu-IN">&#3077;&#3093;&#3149;&#3128;&#3142;&#3110;&#3074;&#3095;&#3149;</span>  <span class="pronunciations"><span class="pronunciation" lang="ggo-fonipa-x-emic" xml:lang="ggo-fonipa-x-emic">[<span lang="ggo-fonipa-x-emic" xml:lang="ggo-fonipa-x-emic">akseda&#7749;g</span></span>]</span> <span class="senses"><span class="sense"><span class="grammatical-info"><span class="partofspeech" lang="en" xml:lang="en"><span lang="en" xml:lang="en">n</span></span> </span> </span><span class="xsensenumber">1</span>) <span class="sense" id="hvo4626"><span class="definition" lang="en" xml:lang="en"><span lang="en" xml:lang="en">rice with vermilion</span></span> <span class="LexSense-publishStem-GlossPub_L3" lang="te" xml:lang="te"><span lang="te" xml:lang="te">&#3114;&#3128;&#3137;&#3114;&#3137; &#3116;&#3135;&#3119;&#3149;&#3119;&#3074;</span></span></span><span class="xsensenumber">2</span>) <span class="sense" id="hvo1248"><span class="definition" lang="en" xml:lang="en"><span lang="en" xml:lang="en">rice mixed with vermilion thrown at a wedding, or on cattle (e.g. during ''laxmi pooja'') in order to bless.</span></span> <span class="LexSense-publishStem-GlossPub_L4" lang="hi" xml:lang="hi"><span lang="hi" xml:lang="hi">&#2309;&#2325;&#2381;&#2359;&#2340;&#2348;.; &#2361;&#2354;&#2381;&#2342;&#2368; &#2324;&#2352; &#2325;&#2369;&#2306;&#2325;&#2369;&#2350; &#2360;&#2375; &#2350;&#2367;&#2358;&#2381;&#2352;&#2367;&#2340; &#2330;&#2366;&#2357;&#2354;</span></span><span class="examples"><span class="example" lang="ggo-Telu-IN" xml:lang="ggo-Telu-IN"><span lang="ggo-Telu-IN" xml:lang="ggo-Telu-IN">&#3095;&#3146;&#3125;&#3137;&#3120;&#3149; &#3110;&#3112;&#3149; &#3095;&#3147;&#3103;&#3118;&#3149;&#3112;&#3142; &#3112;&#3146;&#3125;&#3149;&#3120;&#3135; &#3112;&#3146;&#3125;&#3149;&#3120;&#3112;&#3095; &#3128;&#3118;&#3149;&#3110;&#3135;&#3120;&#3149; &#3077;&#3093;&#3149;&#3128;&#3142;&#3110;&#3134;&#3074;&#3095;&#3149; &#3125;&#3134;&#3103;&#3074;&#3108;&#3142;&#3120;&#3149;.</span></span> <span class="translations"><span class="translation" lang="en" xml:lang="en"><span class="xitem" lang="en" xml:lang="en"><span lang="en" xml:lang="en">At the wedding place, everyone throws rice on the bride andgroom.</span></span><span class="xitem" lang="te" xml:lang="te"> <span lang="te" xml:lang="te">#&#3114;&#3142;&#3074;&#3105;&#3149;&#3122;&#3135; &#3114;&#3074;&#3110;&#3135;&#3120;&#3135;&#3122;&#3147; &#3114;&#3105;&#3137;&#3128;&#3137;, &#3125;&#3120;&#3137;&#3122;&#3093;&#3137; &#3114;&#3128;&#3137;&#3114;&#3137; &#3116;&#3135;&#3119;&#3149;&#3119;&#3074; &#3125;&#3143;&#3128;&#3149;&#3108;&#3134;&#3120;&#3137;.</span></span></span> </span></span> <span class="semantic-domains">(sem. domains: <span class="xitem"><span class="semantic-domain-abbr" lang="en" xml:lang="en"><span lang="en" xml:lang="en">4.9.5</span></span> - <span class="semantic-domain-name" lang="en" xml:lang="en"><span lang="en" xml:lang="en">Practice religion</span></span></span><span class="xitem">, <span class="semantic-domain-abbr" lang="en" xml:lang="en"><span lang="en" xml:lang="en">2.6.1.2</span></span> - <span class="semantic-domain-name" lang="en" xml:lang="en"><span lang="en" xml:lang="en">Wedding</span></span></span></span>.) </span></span>\r\n </div>', ' (అక్సెదంగ్)', ' (అక్సెదంగ్)', 'publish', 'open', 'open', '', 'అకసదగ1.htm', '', '', '2012-04-19 15:16:04', '2012-04-19 20:16:04', '', 0, 'http://localhost/wordpress/?p=28', 0, 'post', '', 0),
(27, 1, '2012-04-19 15:16:04', '2012-04-19 20:16:04', '<table style="border:medium none white;width:100%;"><tr><td><a href="?p=26"><img src="http://localhost/wordpress/wp-content/icons/ArrowLeft.png" width="32" height="32" border="0" alt="&lt;&#x2014;" /></a></td><td style="text-align:right;"><a href="?p=28"><img src="http://localhost/wordpress/wp-content/icons/ArrowRight.png" width="32" height="32" border="0" alt="&#x2014;&gt;" /></a></td></tr></table><div xmlns="http://www.w3.org/1999/xhtml" class="entry" id="hvo8461">\r\n<span class="headword" lang="ggo-Telu-IN" xml:lang="ggo-Telu-IN">&#3077;&#3093;&#3149;&#3128;&#3120;&#3149;&#3093;&#3149;&#8204;&#3112;&#3142;</span>  <span class="pronunciations"><span class="pronunciation" lang="ggo-fonipa-x-emic" xml:lang="ggo-fonipa-x-emic">[<span lang="ggo-fonipa-x-emic" xml:lang="ggo-fonipa-x-emic">aksarkne</span></span>]</span> <span class="senses"><span class="sense" id="hvo9031"><span class="LexSense-publishStem-GlossPub_L3" lang="te" xml:lang="te"><span lang="te" xml:lang="te">&#3077;&#3098;&#3149;&#3098;&#3120;&#3134;&#3122;&#3108;&#3147;</span></span><span class="examples"><span class="example" lang="ggo-Telu-IN" xml:lang="ggo-Telu-IN"><span lang="ggo-Telu-IN" xml:lang="ggo-Telu-IN">&#3095;&#3147;&#3074;&#3105;&#3135; &#3116;&#3134;&#3128;&#3108;&#3137;&#3112;&#3149; &#3077;&#3093;&#3149;&#3128;&#3120;&#3149;&#3093;&#3149;&#8204;&#3112;&#3142; &#3122;&#3135;&#3129;&#3135; &#3093;&#3136;&#3074;&#3108;&#3142;&#3120;&#3149;.</span></span> <span class="translations"><span class="translation_L3" lang="te" xml:lang="te"><span lang="te" xml:lang="te">&#3095;&#3147;&#3074;&#3105;&#3135;&#3112;&#3135; &#3077;&#3098;&#3149;&#3098;&#3120;&#3134;&#3122;&#3122;&#3147; &#3120;&#3134;&#3128;&#3137;&#3093;&#3137;&#3074;&#3103;&#3134;&#3120;&#3137;.</span></span></span></span> <span class="semantic-domains">(sem. domains: <span class="semantic-domain-abbr" lang="en" xml:lang="en"><span lang="en" xml:lang="en">3.5.7.1</span></span> - <span class="semantic-domain-name" lang="en" xml:lang="en"><span lang="en" xml:lang="en">Write</span></span></span>.) </span></span>\r\n </div>', ' (అక్సర్క్‌నె)', ' (అక్సర్క్‌నె)', 'publish', 'open', 'open', '', 'అకసరకన1.htm', '', '', '2012-04-19 15:16:04', '2012-04-19 20:16:04', '', 0, 'http://localhost/wordpress/?p=27', 0, 'post', '', 0),
(26, 1, '2012-04-19 15:16:04', '2012-04-19 20:16:04', '<table style="border:medium none white;width:100%;"><tr><td><a href="?p=25"><img src="http://localhost/wordpress/wp-content/icons/ArrowLeft.png" width="32" height="32" border="0" alt="&lt;&#x2014;" /></a></td><td style="text-align:right;"><a href="?p=27"><img src="http://localhost/wordpress/wp-content/icons/ArrowRight.png" width="32" height="32" border="0" alt="&#x2014;&gt;" /></a></td></tr></table><div xmlns="http://www.w3.org/1999/xhtml" class="entry" id="hvo9528">\r\n<span class="headword" lang="ggo-Telu-IN" xml:lang="ggo-Telu-IN">&#3077;&#3093;&#3149;&#3128;&#3120;&#3149;</span>  <span class="pronunciations"><span class="pronunciation" lang="ggo-fonipa-x-emic" xml:lang="ggo-fonipa-x-emic">[<span lang="ggo-fonipa-x-emic" xml:lang="ggo-fonipa-x-emic">aksar</span></span>]</span> <span class="senses"><span class="sense" id="hvo5587"><span class="grammatical-info"><span class="partofspeech" lang="en" xml:lang="en"><span lang="en" xml:lang="en">n</span></span> </span> <span class="definition" lang="en" xml:lang="en"><span lang="en" xml:lang="en">characters</span></span> <span class="LexSense-publishStem-GlossPub_L3" lang="te" xml:lang="te"><span lang="te" xml:lang="te">&#3077;&#3093;&#3149;&#3127;&#3120;&#3134;&#3122;&#3137;</span></span><span class="examples"><span class="example" lang="ggo-Telu-IN" xml:lang="ggo-Telu-IN"><span lang="ggo-Telu-IN" xml:lang="ggo-Telu-IN">&#3118;&#3128;&#3149;&#3108;&#3120;&#3122;&#3149; &#3077;&#3093;&#3149;&#3128;&#3120;&#3149;&#3093;&#3137;&#3112;&#3149; &#3125;&#3142;&#3129;&#3149;&#3108;&#3146;&#3120;&#3149;.</span></span> <span class="translations"><span class="translation_L3" lang="te" xml:lang="te"><span lang="te" xml:lang="te">&#3095;&#3137;&#3120;&#3137;&#3125;&#3137; &#3077;&#3093;&#3149;&#3127;&#3120;&#3134;&#3122;&#3137; &#3098;&#3142;&#3114;&#3149;&#3114;&#3134;&#3105;&#3137;.</span></span></span></span> <span class="semantic-domains">(sem. domains: <span class="semantic-domain-abbr" lang="en" xml:lang="en"><span lang="en" xml:lang="en">3.6</span></span> - <span class="semantic-domain-name" lang="en" xml:lang="en"><span lang="en" xml:lang="en">Teach</span></span></span>.) </span></span>\r\n </div>', ' (అక్సర్)', ' (అక్సర్)', 'publish', 'open', 'open', '', 'అకసర2.htm', '', '', '2012-04-19 15:16:04', '2012-04-19 20:16:04', '', 0, 'http://localhost/wordpress/?p=26', 0, 'post', '', 0),
(25, 1, '2012-04-19 15:16:04', '2012-04-19 20:16:04', '<table style="border:medium none white;width:100%;"><tr><td><a href="?p=24"><img src="http://localhost/wordpress/wp-content/icons/ArrowLeft.png" width="32" height="32" border="0" alt="&lt;&#x2014;" /></a></td><td style="text-align:right;"><a href="?p=26"><img src="http://localhost/wordpress/wp-content/icons/ArrowRight.png" width="32" height="32" border="0" alt="&#x2014;&gt;" /></a></td></tr></table><div xmlns="http://www.w3.org/1999/xhtml" class="entry" id="hvo6066">\r\n<span class="headword" lang="ggo-Telu-IN" xml:lang="ggo-Telu-IN">&#3077;&#3093;&#3149;&#3120;</span>  <span class="pronunciations"><span class="pronunciation" lang="ggo-fonipa-x-emic" xml:lang="ggo-fonipa-x-emic">[<span lang="ggo-fonipa-x-emic" xml:lang="ggo-fonipa-x-emic">akra</span></span>]</span> <span class="senses"><span class="sense" id="hvo4104"><span class="grammatical-info"><span class="partofspeech" lang="en" xml:lang="en"><span lang="en" xml:lang="en">num</span></span> </span> <span class="definition" lang="en" xml:lang="en"><span lang="en" xml:lang="en">eleven.</span></span> <span class="LexSense-publishStem-GlossPub_L3" lang="te" xml:lang="te"><span class="xitem" lang="te" xml:lang="te"><span lang="te" xml:lang="te">(11) &#3114;&#3110;&#3093;&#3146;&#3074;&#3105;&#3137;</span></span><span class="xitem" lang="hi" xml:lang="hi"><span lang="hi" xml:lang="hi">&#2327;&#2381;&#2351;&#2366;&#2352;&#2361;</span></span></span><span class="examples"><span class="example" lang="ggo-Telu-IN" xml:lang="ggo-Telu-IN"><span lang="ggo-Telu-IN" xml:lang="ggo-Telu-IN">&#3112;&#3134;&#3093;&#3137;&#3112;&#3149; &#3077;&#3093;&#3149;&#3120; &#3129;&#3142;&#3120;&#3149;&#3120;&#3142;&#3074;&#3095;&#3149; &#3118;&#3074;&#3108;&#3074;&#3095;&#3149;.</span></span> <span class="translations"><span class="translation_L3" lang="te" xml:lang="te"><span lang="te" xml:lang="te">&#3112;&#3134;&#3093;&#3137; &#3114;&#3110;&#3093;&#3146;&#3074;&#3105;&#3137; &#3118;&#3143;&#3093;&#3122;&#3137; &#3081;&#3112;&#3149;&#3112;&#3134;&#3119;&#3135;.</span></span></span></span> <span class="semantic-domains">(sem. domains: <span class="semantic-domain-abbr" lang="en" xml:lang="en"><span lang="en" xml:lang="en">8.1.1.1</span></span> - <span class="semantic-domain-name" lang="en" xml:lang="en"><span lang="en" xml:lang="en">Cardinal numbers</span></span></span>.) </span></span>\r\n </div>', ' (అక్ర)', ' (అక్ర)', 'publish', 'open', 'open', '', 'అకర1.htm', '', '', '2012-04-19 15:16:04', '2012-04-19 20:16:04', '', 0, 'http://localhost/wordpress/?p=25', 0, 'post', '', 0),
(24, 1, '2012-04-19 15:16:04', '2012-04-19 20:16:04', '<table style="border:medium none white;width:100%;"><tr><td><a href="?p=23"><img src="http://localhost/wordpress/wp-content/icons/ArrowLeft.png" width="32" height="32" border="0" alt="&lt;&#x2014;" /></a></td><td style="text-align:right;"><a href="?p=25"><img src="http://localhost/wordpress/wp-content/icons/ArrowRight.png" width="32" height="32" border="0" alt="&#x2014;&gt;" /></a></td></tr></table><div xmlns="http://www.w3.org/1999/xhtml" class="entry" id="hvo1227">\r\n<span class="headword" lang="ggo-Telu-IN" xml:lang="ggo-Telu-IN">&#3077;&#3093;&#3149;&#3105;&#3142;&#3118;&#3134;&#3108;</span>  <span class="pronunciations"><span class="pronunciation" lang="ggo-fonipa-x-emic" xml:lang="ggo-fonipa-x-emic">[<span lang="ggo-fonipa-x-emic" xml:lang="ggo-fonipa-x-emic">ak&#7693;em&#257;ta</span></span>]</span> <span class="senses"><span class="sense" id="hvo2794"><span class="LexSense-publishStem-GlossPub_L3" lang="te" xml:lang="te"><span lang="te" xml:lang="te">&#3118;&#3137;&#3105;&#3149;&#3098;&#3137;&#3093;&#3137;&#3112;&#3149;&#3112;&#3110;&#3135;</span></span><span class="examples"><span class="example" lang="ggo-Telu-IN" xml:lang="ggo-Telu-IN"><span lang="ggo-Telu-IN" xml:lang="ggo-Telu-IN">&#3112;&#3134;&#3125;&#3074;&#3095;&#3149; &#3093;&#3134;&#3122;&#3149;&#3093;&#3149; &#3077;&#3093;&#3149;&#3105;&#3142;&#3118;&#3134;&#3108;&#3074;&#3095;&#3149;.</span></span> <span class="translations"><span class="translation_L3" lang="te" xml:lang="te"><span lang="te" xml:lang="te">&#3112;&#3134; &#3093;&#3134;&#3123;&#3149;&#3122;&#3137; &#3118;&#3137;&#3105;&#3149;&#3098;&#3137;&#3093;&#3137;&#3112;&#3149;&#3112;&#3134;&#3119;&#3135;.</span></span></span></span> <span class="semantic-domains">(sem. domains: <span class="semantic-domain-abbr" lang="en" xml:lang="en"><span lang="en" xml:lang="en">2.2</span></span> - <span class="semantic-domain-name" lang="en" xml:lang="en"><span lang="en" xml:lang="en">Body functions</span></span></span>.) </span></span>\r\n </div>', ' (అక్డెమాత)', ' (అక్డెమాత)', 'publish', 'open', 'open', '', 'అకడమత1.htm', '', '', '2012-04-19 15:16:04', '2012-04-19 20:16:04', '', 0, 'http://localhost/wordpress/?p=24', 0, 'post', '', 0),
(23, 1, '2012-04-19 15:16:04', '2012-04-19 20:16:04', '<table style="border:medium none white;width:100%;"><tr><td><a href="?p=22"><img src="http://localhost/wordpress/wp-content/icons/ArrowLeft.png" width="32" height="32" border="0" alt="&lt;&#x2014;" /></a></td><td style="text-align:right;"><a href="?p=24"><img src="http://localhost/wordpress/wp-content/icons/ArrowRight.png" width="32" height="32" border="0" alt="&#x2014;&gt;" /></a></td></tr></table><div xmlns="http://www.w3.org/1999/xhtml" class="entry" id="hvo2488">\r\n<span class="headword" lang="ggo-Telu-IN" xml:lang="ggo-Telu-IN">&#3077;&#3093;&#3149;&#3093;&#3146; &#3118;&#3134;&#3118;&#3122;&#3149;</span>  <span class="pronunciations"><span class="pronunciation" lang="ggo-fonipa-x-emic" xml:lang="ggo-fonipa-x-emic">[<span lang="ggo-fonipa-x-emic" xml:lang="ggo-fonipa-x-emic">akko</span></span>]</span> <span class="senses"><span class="sense" id="hvo8935"><span class="grammatical-info"><span class="partofspeech" lang="en" xml:lang="en"><span lang="en" xml:lang="en">n</span></span> </span> <span class="definition" lang="en" xml:lang="en"><span lang="en" xml:lang="en">maternal grandfather.</span></span> <span class="LexSense-publishStem-GlossPub_L3" lang="te" xml:lang="te"><span class="xitem" lang="te" xml:lang="te"><span lang="te" xml:lang="te">&#3108;&#3134;&#3108;</span></span><span class="xitem" lang="hi" xml:lang="hi"><span lang="hi" xml:lang="hi">&#2340;&#2366;&#2340;; &#2344;&#2366;&#2344;&#2366;&#2342;&#2366;&#2342;&#2366;; &#2348;&#2370;&#2338;&#2366; &#2310;&#2342;&#2350;&#2368;</span></span></span><span class="examples"><span class="xitem"><span class="example" lang="ggo-Telu-IN" xml:lang="ggo-Telu-IN"><span lang="ggo-Telu-IN" xml:lang="ggo-Telu-IN">&#3118;&#3134;&#3125;&#3146;&#3120;&#3149; &#3077;&#3093;&#3149;&#3093;&#3146; &#3105;&#3095;&#3137;&#3120;&#3149;.</span></span> <span class="translations"><span class="translation_L3" lang="te" xml:lang="te"><span lang="te" xml:lang="te">&#3118;&#3134; &#3108;&#3134;&#3108;&#3119;&#3149;&#3119; &#3114;&#3142;&#3110;&#3149;&#3110;&#3125;&#3134;&#3105;&#3137;.</span></span></span></span><span class="xitem">  <span class="example" lang="ggo-Telu-IN" xml:lang="ggo-Telu-IN"><span lang="ggo-Telu-IN" xml:lang="ggo-Telu-IN">&#3077;&#3093;&#3149;&#3093;&#3146; &#3098;&#3137;&#3103;&#3149;&#3103; &#3081;&#3074;&#3100;&#3142;&#3120;&#3149; &#3118;&#3074;&#3108;&#3146;&#3120;&#3149;.</span></span> <span class="translations"><span class="translation_L3" lang="te" xml:lang="te"><span lang="te" xml:lang="te">&#3108;&#3134;&#3108;&#3119;&#3149;&#3119; &#3098;&#3137;&#3103;&#3149;&#3103; &#3108;&#3134;&#3095;&#3137;&#3108;&#3137;&#3112;&#3149;&#3112;&#3134;&#3105;&#3137;.</span></span></span></span></span> <span class="semantic-domains">(sem. domains: <span class="xitem"><span class="semantic-domain-abbr" lang="en" xml:lang="en"><span lang="en" xml:lang="en">4.5.6.1</span></span> - <span class="semantic-domain-name" lang="en" xml:lang="en"><span lang="en" xml:lang="en">High status</span></span></span><span class="xitem">, <span class="semantic-domain-abbr" lang="en" xml:lang="en"><span lang="en" xml:lang="en">4.1.9</span></span> - <span class="semantic-domain-name" lang="en" xml:lang="en"><span lang="en" xml:lang="en">Kinship</span></span></span><span class="xitem">, <span class="semantic-domain-abbr" lang="en" xml:lang="en"><span lang="en" xml:lang="en">5.9</span></span> - <span class="semantic-domain-name" lang="en" xml:lang="en"><span lang="en" xml:lang="en">Live, stay</span></span></span></span>.) </span></span> <span class="complexformrefs"><span class="complexform-type"><span class="LexEntryType-publishStemComplexFormType-ReverseAbbrPub" lang="en" xml:lang="en"><span lang="en" xml:lang="en">der.</span></span></span> <span class="complexform-form" lang="ggo-Telu-IN" xml:lang="ggo-Telu-IN">&#3077;&#3093;&#3149;&#3093;&#3146; &#3118;&#3134;&#3118;&#3122;</span> </span>\r\n </div>', ' (అక్కొ మామల్)', ' (అక్కొ మామల్)', 'publish', 'open', 'open', '', 'అకకమమల1.htm', '', '', '2012-04-19 15:16:04', '2012-04-19 20:16:04', '', 0, 'http://localhost/wordpress/?p=23', 0, 'post', '', 0),
(22, 1, '2012-04-19 15:16:04', '2012-04-19 20:16:04', '<table style="border:medium none white;width:100%;"><tr><td><a href="?p=21"><img src="http://localhost/wordpress/wp-content/icons/ArrowLeft.png" width="32" height="32" border="0" alt="&lt;&#x2014;" /></a></td><td style="text-align:right;"><a href="?p=23"><img src="http://localhost/wordpress/wp-content/icons/ArrowRight.png" width="32" height="32" border="0" alt="&#x2014;&gt;" /></a></td></tr></table><div xmlns="http://www.w3.org/1999/xhtml" class="entry" id="hvo1457">\r\n<span class="headword" lang="ggo-Telu-IN" xml:lang="ggo-Telu-IN">&#3077;&#3093;&#3149;&#3093;&#3146; &#3118;&#3134;&#3118;&#3122;</span>  <span class="pronunciations"><span class="pronunciation" lang="ggo-fonipa-x-emic" xml:lang="ggo-fonipa-x-emic">[<span lang="ggo-fonipa-x-emic" xml:lang="ggo-fonipa-x-emic">akko m&#257;mal</span></span>]</span> <span class="primaryrefs">(<span class="entryref-type"><span class="LexEntryType-publishStemEntryType-AbbreviationPub" lang="en" xml:lang="en"><span lang="en" xml:lang="en">der. of</span></span> </span> <span class="entryref-component"><a href="?p=23"><span class="LexEntry-publishStemComponentTarget-HeadWordRef" lang="ggo-Telu-IN" xml:lang="ggo-Telu-IN">&#3077;&#3093;&#3149;&#3093;&#3146; &#3118;&#3134;&#3118;&#3122;&#3149;</span></a></span></span>) <span class="senses"><span class="sense" id="hvo8957"><span class="grammatical-info"><span class="partofspeech" lang="en" xml:lang="en"><span lang="en" xml:lang="en">n</span></span> </span> <span class="LexSense-publishStem-GlossPub_L3" lang="te" xml:lang="te"><span lang="te" xml:lang="te">&#3108;&#3134;&#3108; &#3118;&#3134;&#3118;&#3119;&#3149;&#3119;</span></span><span class="examples"><span class="example" lang="ggo-Telu-IN" xml:lang="ggo-Telu-IN"><span lang="ggo-Telu-IN" xml:lang="ggo-Telu-IN">&#3112;&#3112;&#3149; &#3077;&#3093;&#3149;&#3093;&#3146; &#3118;&#3134;&#3118;&#3122;&#3135;&#3120;&#3149; &#3128;&#3147;&#3120;&#3135;&#3093;&#3149; &#3110;&#3134;&#3074;&#3108;&#3146;&#3112;&#3149;.</span></span> <span class="translations"><span class="translation_L3" lang="te" xml:lang="te"><span lang="te" xml:lang="te">&#3112;&#3143;&#3112;&#3138; &#3108;&#3134;&#3108;&#3119;&#3149;&#3119; &#3118;&#3134;&#3118;&#3119;&#3149;&#3119; &#3079;&#3074;&#3103;&#3135;&#3093;&#3135; &#3128;&#3074;&#3116;&#3074;&#3111;&#3134;&#3112;&#3135;&#3093;&#3135; &#3125;&#3142;&#3122;&#3137;&#3108;&#3134;&#3112;&#3137;.</span></span></span></span> <span class="semantic-domains">(sem. domains: <span class="semantic-domain-abbr" lang="en" xml:lang="en"><span lang="en" xml:lang="en">2.6.1.1</span></span> - <span class="semantic-domain-name" lang="en" xml:lang="en"><span lang="en" xml:lang="en">Arrange a marriage</span></span></span>.) </span></span>\r\n </div>', ' (అక్కొ మామల)', ' (అక్కొ మామల)', 'publish', 'open', 'open', '', 'అకకమమల2.htm', '', '', '2012-04-19 15:16:04', '2012-04-19 20:16:04', '', 0, 'http://localhost/wordpress/?p=22', 0, 'post', '', 0),
(21, 1, '2012-04-19 15:16:04', '2012-04-19 20:16:04', '<table style="border:medium none white;width:100%;"><tr><td><a href="?p=20"><img src="http://localhost/wordpress/wp-content/icons/ArrowLeft.png" width="32" height="32" border="0" alt="&lt;&#x2014;" /></a></td><td style="text-align:right;"><a href="?p=22"><img src="http://localhost/wordpress/wp-content/icons/ArrowRight.png" width="32" height="32" border="0" alt="&#x2014;&gt;" /></a></td></tr></table><div xmlns="http://www.w3.org/1999/xhtml" class="entry" id="hvo2082">\r\n<span class="headword" lang="ggo-Telu-IN" xml:lang="ggo-Telu-IN">&#3077;&#3093;&#3149;&#3093;&#3122;&#3149;</span>  <span class="pronunciations"><span class="pronunciation" lang="ggo-fonipa-x-emic" xml:lang="ggo-fonipa-x-emic">[<span lang="ggo-fonipa-x-emic" xml:lang="ggo-fonipa-x-emic">akkal</span></span>]</span> <span class="senses"><span class="sense"><span class="grammatical-info"><span class="partofspeech" lang="en" xml:lang="en"><span lang="en" xml:lang="en">n</span></span> </span> </span><span class="xsensenumber">1</span>) <span class="sense" id="hvo6770"><span class="LexSense-publishStem-GlossPub_L3" lang="te" xml:lang="te"><span lang="te" xml:lang="te">&#3116;&#3137;&#3110;&#3149;&#3111;&#3135;</span></span></span><span class="xsensenumber">2</span>) <span class="sense" id="hvo5136"><span class="definition" lang="en" xml:lang="en"><span lang="en" xml:lang="en">wisdom.</span></span> <span class="LexSense-publishStem-GlossPub_L3" lang="te" xml:lang="te"><span class="xitem" lang="te" xml:lang="te"><span lang="te" xml:lang="te">&#3108;&#3142;&#3122;&#3135;&#3125;&#3135;</span></span><span class="xitem" lang="hi" xml:lang="hi"><span lang="hi" xml:lang="hi">&#2348;&#2369;&#2342;&#2381;&#2343;&#2367;</span></span></span><span class="examples"><span class="xitem"><span class="example" lang="ggo-Telu-IN" xml:lang="ggo-Telu-IN"><span lang="ggo-Telu-IN" xml:lang="ggo-Telu-IN">&#3077;&#3093;&#3149;&#3093;&#3122;&#3149; &#3118;&#3112;&#3149;&#3125;&#3122;&#3149; &#3118;&#3134;&#3119;&#3149;&#3112;&#3122;&#3149; &#3098;&#3146;&#3093;&#3146;&#3103;&#3149; &#3118;&#3074;&#3110;&#3074;&#3108;&#3146;&#3120;&#3149;.</span></span> <span class="translations"><span class="translation_L3" lang="te" xml:lang="te"><span lang="te" xml:lang="te">&#3116;&#3137;&#3110;&#3149;&#3111;&#3135; &#3095;&#3122; &#3125;&#3149;&#3119;&#3093;&#3149;&#3108;&#3135; &#3118;&#3074;&#3098;&#3135;&#3095;&#3134; &#3081;&#3074;&#3103;&#3134;&#3105;&#3137;.</span></span></span></span><span class="xitem">  <span class="example" lang="ggo-Telu-IN" xml:lang="ggo-Telu-IN"><span lang="ggo-Telu-IN" xml:lang="ggo-Telu-IN">&#3116;&#3119;&#3149;&#3119;&#3142; &#3116;&#3134;&#3116;&#3122;&#3135;&#3120;&#3149; &#3093;&#3134;&#3074;&#3105;&#3135;&#3112;&#3149; &#3077;&#3093;&#3149;&#3093;&#3122;&#3149; &#3116;&#3137;&#3110;&#3149;&#3110;&#3135; &#3093;&#3120;&#3137;&#3128;&#3112;.</span></span> <span class="translations"><span class="translation_L3" lang="te" xml:lang="te"><span lang="te" xml:lang="te">&#3108;&#3074;&#3105;&#3149;&#3120;&#3135; &#3108;&#3122;&#3149;&#3122;&#3135; &#3093;&#3146;&#3105;&#3137;&#3093;&#3137;&#3122;&#3112;&#3137; &#3108;&#3142;&#3122;&#3135;&#3125;&#3135; &#3108;&#3143;&#3103;&#3122;&#3137; &#3112;&#3143;&#3120;&#3149;&#3114;&#3134;&#3122;&#3135;.</span></span></span></span></span> <span class="semantic-domains">(sem. domains: <span class="xitem"><span class="semantic-domain-abbr" lang="en" xml:lang="en"><span lang="en" xml:lang="en">3.2.1.3</span></span> - <span class="semantic-domain-name" lang="en" xml:lang="en"><span lang="en" xml:lang="en">Intelligent</span></span></span><span class="xitem">, <span class="semantic-domain-abbr" lang="en" xml:lang="en"><span lang="en" xml:lang="en">3.2.1</span></span> - <span class="semantic-domain-name" lang="en" xml:lang="en"><span lang="en" xml:lang="en">Mind</span></span></span></span>.) </span></span>\r\n </div>', ' (అక్కల్)', ' (అక్కల్)', 'publish', 'open', 'open', '', 'అకకల1.htm', '', '', '2012-04-19 15:16:04', '2012-04-19 20:16:04', '', 0, 'http://localhost/wordpress/?p=21', 0, 'post', '', 0);
INSERT INTO `wp_posts` (`ID`, `post_author`, `post_date`, `post_date_gmt`, `post_content`, `post_title`, `post_excerpt`, `post_status`, `comment_status`, `ping_status`, `post_password`, `post_name`, `to_ping`, `pinged`, `post_modified`, `post_modified_gmt`, `post_content_filtered`, `post_parent`, `guid`, `menu_order`, `post_type`, `post_mime_type`, `comment_count`) VALUES
(20, 1, '2012-04-19 15:16:04', '2012-04-19 20:16:04', '<table style="border:medium none white;width:100%;"><tr><td><a href="?p=19"><img src="http://localhost/wordpress/wp-content/icons/ArrowLeft.png" width="32" height="32" border="0" alt="&lt;&#x2014;" /></a></td><td style="text-align:right;"><a href="?p=21"><img src="http://localhost/wordpress/wp-content/icons/ArrowRight.png" width="32" height="32" border="0" alt="&#x2014;&gt;" /></a></td></tr></table><div xmlns="http://www.w3.org/1999/xhtml" class="entry" id="hvo3576">\r\n<span class="headword" lang="ggo-Telu-IN" xml:lang="ggo-Telu-IN">&#3077;&#3093;&#3137;&#3120;&#3149;&#3114;&#3146;&#3093;&#3149; (&#3118;&#3129;&#3149;&#3112;)</span>  <span class="pronunciations"><span class="pronunciation" lang="ggo-fonipa-x-emic" xml:lang="ggo-fonipa-x-emic">[<span lang="ggo-fonipa-x-emic" xml:lang="ggo-fonipa-x-emic">akurpok (mahna)</span></span>]</span> <span class="senses"><span class="sense" id="hvo5904"><span class="grammatical-info"><span class="partofspeech" lang="en" xml:lang="en"><span lang="en" xml:lang="en">n</span></span> </span> <span class="definition" lang="en" xml:lang="en"><span lang="en" xml:lang="en">month 6 of the Gond year (August-September).</span></span> <span class="LexSense-publishStem-GlossPub_L3" lang="te" xml:lang="te"><span lang="te" xml:lang="te">&#3117;&#3134;&#3110;&#3149;&#3120;&#3114;&#3110;&#3074;</span></span><span class="semantic-domains">(sem. domains: <span class="semantic-domain-abbr" lang="en" xml:lang="en"><span lang="en" xml:lang="en">8.4.1.4.1</span></span> - <span class="semantic-domain-name" lang="en" xml:lang="en"><span lang="en" xml:lang="en">Months of the year</span></span></span>.) </span></span>\r\n </div>', ' (అకుర్పొక్ (మహ్న))', ' (అకుర్పొక్ (మహ్న))', 'publish', 'open', 'open', '', 'అకరపకమహన1.htm', '', '', '2012-04-19 15:16:04', '2012-04-19 20:16:04', '', 0, 'http://localhost/wordpress/?p=20', 0, 'post', '', 0);
DELETE FROM `wordpress`.`wp_terms` WHERE `wp_terms`.`term_id` > 13;
INSERT INTO `wp_terms` (`term_id`, `name`, `slug`, `term_group`) VALUES
(14, 'Main', 'main', 0),
(15, 'Language', 'language', 0),
(20, 'English', 'en', 0),
(21, 'Gondi, Southern (Phonemic)', 'ggo-fonipa-x-emic', 0),
(22, 'Telugu', 'te', 0),
(23, 'Hindi', 'hi', 0),
(24, 'Gondi, Southern (Telugu, India)', 'ggo-Telu-IN', 0),
(25, 'అ - అ', 'అ - అ', 0),
(26, 'న - న', 'న - న', 0);
INSERT INTO `wp_terms` (`term_id`, `name`, `slug`, `term_group`) VALUES
(27, 'ు - ు', 'ు - ు', 0),
(28, 'ొ - ొ', 'ొ - ొ', 0),
(29, '-ొర్', '-ొర్', 0),
(30, 'vs', 'vs', 0),
(31, '-ుర్', '-ుర్', 0),
(32, 'ns', 'ns', 0),
(33, '-న్గటల్', '-న్గటల్', 0),
(34, 'అడ్డంవడి', 'అడ్డంవడి', 0),
(35, 'v', 'v', 0),
(36, 'adv', 'adv', 0);
INSERT INTO `wp_terms` (`term_id`, `name`, `slug`, `term_group`) VALUES
(37, 'adj', 'adj', 0),
(38, 'n', 'n', 0),
(39, '-', '-', 0),
(40, ',', ',', 0),
(41, 'num', 'num', 0),
(42, 'అట్యనొవ్', 'అట్యనొవ్', 0),
(43, 'అట్కీ కీత', 'అట్కీ కీత', 0),
(44, 'conj', 'conj', 0),
(45, 'pro', 'pro', 0),
(46, 'అఙె', 'అఙె', 0);
INSERT INTO `wp_terms` (`term_id`, `name`, `slug`, `term_group`) VALUES
(47, 'అక్డెమాత', 'అక్డెమాత', 0);
DELETE FROM `wordpress`.`wp_term_taxonomy` WHERE `wp_term_taxonomy`.`term_id` > 15;
INSERT INTO `wp_term_taxonomy` (`term_taxonomy_id`, `term_id`, `taxonomy`, `description`, `parent`, `count`) VALUES
(20, 20, 'sil_writing_systems', '', 0, 999999),
(21, 21, 'sil_writing_systems', '', 0, 999999),
(22, 22, 'sil_writing_systems', '', 0, 999999),
(23, 23, 'sil_writing_systems', '', 0, 999999),
(24, 24, 'sil_writing_systems', '', 0, 999999),
(25, 25, 'category', '', 0, 999999),
(26, 26, 'category', '', 0, 999999),
(27, 27, 'category', '', 0, 999999),
(28, 28, 'category', '', 0, 999999);
INSERT INTO `wp_term_taxonomy` (`term_taxonomy_id`, `term_id`, `taxonomy`, `description`, `parent`, `count`) VALUES
(29, 29, 'category', '', 28, 1),
(30, 30, 'sil_parts_of_speech', '', 0, 2),
(31, 31, 'category', '', 27, 2),
(32, 32, 'sil_parts_of_speech', '', 0, 1),
(33, 33, 'category', '', 26, 2),
(34, 34, 'category', '', 25, 10),
(35, 35, 'sil_parts_of_speech', '', 0, 1),
(36, 36, 'sil_parts_of_speech', '', 0, 6),
(37, 37, 'sil_parts_of_speech', '', 0, 1),
(38, 38, 'sil_parts_of_speech', '', 0, 14);
INSERT INTO `wp_term_taxonomy` (`term_taxonomy_id`, `term_id`, `taxonomy`, `description`, `parent`, `count`) VALUES
(39, 39, 'post_tag', '', 0, 19),
(40, 40, 'post_tag', '', 0, 11),
(41, 41, 'sil_parts_of_speech', '', 0, 9),
(42, 42, 'category', '', 25, 10),
(43, 43, 'category', '', 25, 10),
(44, 44, 'sil_parts_of_speech', '', 0, 1),
(45, 45, 'sil_parts_of_speech', '', 0, 1),
(46, 46, 'category', '', 25, 10),
(47, 47, 'category', '', 25, 5);
DELETE FROM `wordpress`.`wp_term_relationships` WHERE `wp_term_relationships`.`term_taxonomy_id` > 15;
INSERT INTO `wp_term_relationships` (`object_id`, `term_taxonomy_id`, `term_order`) VALUES
(20, 47, 0),
(20, 38, 0),
(21, 47, 0),
(21, 38, 0),
(21, 39, 0),
(21, 40, 0),
(22, 47, 0),
(22, 38, 0),
(23, 47, 0);
INSERT INTO `wp_term_relationships` (`object_id`, `term_taxonomy_id`, `term_order`) VALUES
(23, 38, 0),
(23, 39, 0),
(23, 40, 0),
(24, 47, 0),
(24, 1, 0),
(25, 46, 0),
(25, 41, 0),
(26, 46, 0),
(26, 38, 0),
(27, 46, 0);
INSERT INTO `wp_term_relationships` (`object_id`, `term_taxonomy_id`, `term_order`) VALUES
(27, 1, 0),
(28, 46, 0),
(28, 38, 0),
(28, 39, 0),
(28, 40, 0),
(29, 46, 0),
(29, 1, 0),
(30, 46, 0),
(30, 38, 0),
(31, 46, 0);
INSERT INTO `wp_term_relationships` (`object_id`, `term_taxonomy_id`, `term_order`) VALUES
(31, 36, 0),
(32, 46, 0),
(32, 38, 0),
(32, 39, 0),
(32, 40, 0),
(33, 46, 0),
(33, 36, 0),
(34, 46, 0),
(34, 38, 0),
(35, 43, 0);
INSERT INTO `wp_term_relationships` (`object_id`, `term_taxonomy_id`, `term_order`) VALUES
(35, 36, 0),
(35, 39, 0),
(35, 40, 0),
(36, 43, 0),
(36, 38, 0),
(37, 43, 0),
(37, 1, 0),
(38, 43, 0),
(38, 36, 0),
(38, 39, 0);
INSERT INTO `wp_term_relationships` (`object_id`, `term_taxonomy_id`, `term_order`) VALUES
(38, 40, 0),
(39, 43, 0),
(39, 36, 0),
(39, 39, 0),
(39, 40, 0),
(40, 43, 0),
(40, 45, 0),
(41, 43, 0),
(41, 44, 0),
(42, 43, 0);
INSERT INTO `wp_term_relationships` (`object_id`, `term_taxonomy_id`, `term_order`) VALUES
(42, 1, 0),
(43, 43, 0),
(43, 38, 0),
(44, 43, 0),
(44, 38, 0),
(45, 42, 0),
(45, 38, 0),
(46, 42, 0),
(46, 1, 0),
(47, 42, 0);
INSERT INTO `wp_term_relationships` (`object_id`, `term_taxonomy_id`, `term_order`) VALUES
(47, 1, 0),
(48, 42, 0),
(48, 41, 0),
(49, 42, 0),
(49, 41, 0),
(50, 42, 0),
(50, 41, 0),
(51, 42, 0),
(51, 41, 0),
(52, 42, 0);
INSERT INTO `wp_term_relationships` (`object_id`, `term_taxonomy_id`, `term_order`) VALUES
(52, 41, 0),
(53, 42, 0),
(53, 1, 0),
(54, 42, 0),
(54, 41, 0),
(55, 34, 0),
(55, 41, 0),
(56, 34, 0),
(56, 41, 0),
(57, 34, 0);
INSERT INTO `wp_term_relationships` (`object_id`, `term_taxonomy_id`, `term_order`) VALUES
(57, 1, 0),
(58, 34, 0),
(58, 1, 0),
(58, 39, 0),
(58, 40, 0),
(59, 34, 0),
(59, 38, 0),
(60, 34, 0),
(60, 1, 0),
(61, 34, 0);
INSERT INTO `wp_term_relationships` (`object_id`, `term_taxonomy_id`, `term_order`) VALUES
(61, 37, 0),
(62, 34, 0),
(62, 36, 0),
(63, 34, 0),
(63, 35, 0),
(64, 34, 0),
(64, 1, 0),
(65, 33, 0),
(65, 1, 0),
(66, 33, 0);
INSERT INTO `wp_term_relationships` (`object_id`, `term_taxonomy_id`, `term_order`) VALUES
(66, 1, 0),
(67, 31, 0),
(67, 32, 0),
(68, 31, 0),
(68, 30, 0),
(69, 29, 0),
(69, 30, 0);
DELETE FROM `wordpress`.`sil_multilingual_search` ;
INSERT INTO `sil_multilingual_search` (`post_id`, `language_code`, `relevance`, `search_strings`) VALUES
(69, 'ggo-Telu-IN', 70, '-ొర్'),
(69, 'en', 50, '3.M.SG'),
(68, 'ggo-Telu-IN', 70, '-ుర్'),
(68, 'en', 50, '3.M.PL.DIST'),
(67, 'ggo-Telu-IN', 70, '-ున్‌'),
(67, 'en', 50, 'ACC'),
(66, 'ggo-Telu-IN', 70, '-న్గటల్'),
(65, 'ggo-Telu-IN', 70, '-న్గ'),
(64, 'ggo-Telu-IN', 70, 'అడ్డంవడి');
INSERT INTO `sil_multilingual_search` (`post_id`, `language_code`, `relevance`, `search_strings`) VALUES
(64, 'en', 50, 'air coming across'),
(63, 'ggo-Telu-IN', 70, 'అడ్డమ్ ఆ'),
(63, 'en', 50, 'object'),
(62, 'ggo-Telu-IN', 70, 'అడ్డమ్'),
(62, 'en', 50, 'across.'),
(61, 'ggo-Telu-IN', 70, 'అడ్డబుడ్డ'),
(61, 'en', 50, 'blockage'),
(60, 'ggo-Telu-IN', 70, 'అడ్డంఅసి'),
(59, 'ggo-Telu-IN', 70, 'అడంతొర్'),
(59, 'en', 50, 'crying');
INSERT INTO `sil_multilingual_search` (`post_id`, `language_code`, `relevance`, `search_strings`) VALUES
(58, 'ggo-Telu-IN', 70, 'అట్వల్'),
(57, 'ggo-Telu-IN', 70, 'అట్లాంటిక్ సమ్దుర్'),
(56, 'ggo-Telu-IN', 70, 'అట్ర'),
(56, 'en', 50, 'eighteen.'),
(55, 'ggo-Telu-IN', 70, 'అట్యాన్సీ'),
(55, 'en', 50, 'eighty-eight.'),
(54, 'ggo-Telu-IN', 70, 'అట్యనొవ్'),
(54, 'en', 50, 'ninety-eight.'),
(53, 'ggo-Telu-IN', 70, 'అట్‌పియ్వల్'),
(52, 'ggo-Telu-IN', 70, 'అట్టెహత్తర్');
INSERT INTO `sil_multilingual_search` (`post_id`, `language_code`, `relevance`, `search_strings`) VALUES
(52, 'en', 50, 'seventy-eight.'),
(51, 'ggo-Telu-IN', 70, 'అట్టెసాట్'),
(51, 'en', 50, 'sixty-eight.'),
(50, 'ggo-Telu-IN', 70, 'అట్టెచాలిస్'),
(50, 'en', 50, 'forty-eight.'),
(49, 'ggo-Telu-IN', 70, 'అట్టవీస్'),
(49, 'en', 50, 'twenty-eight.'),
(48, 'ggo-Telu-IN', 70, 'అట్టవన్'),
(48, 'en', 50, 'fifty-eight.'),
(47, 'ggo-Telu-IN', 70, 'అట్ట');
INSERT INTO `sil_multilingual_search` (`post_id`, `language_code`, `relevance`, `search_strings`) VALUES
(47, 'en', 50, 'cook'),
(46, 'ggo-Telu-IN', 70, 'అట్కె మాత'),
(45, 'ggo-Telu-IN', 70, 'అట్కుల్క్'),
(45, 'en', 50, 'flattened rice'),
(44, 'ggo-Telu-IN', 70, 'అట్కీ కీత'),
(44, 'en', 50, 'fixation'),
(43, 'ggo-Telu-IN', 70, 'అటొ'),
(43, 'en', 50, 'auto'),
(42, 'ggo-Telu-IN', 70, 'అటుమ్ కుటుమ్'),
(41, 'ggo-Telu-IN', 70, 'అజుక్');
INSERT INTO `sil_multilingual_search` (`post_id`, `language_code`, `relevance`, `search_strings`) VALUES
(41, 'en', 50, 'even now.'),
(40, 'ggo-Telu-IN', 70, 'అచ్వీర్'),
(40, 'en', 50, 'that many (m.).'),
(39, 'ggo-Telu-IN', 70, 'అచ్చోడ్ రొప్పొ'),
(39, 'en', 50, 'meanwhile.'),
(38, 'ggo-Telu-IN', 70, 'అచ్చొర్'),
(38, 'en', 50, 'that much, that many (nm.).'),
(37, 'ggo-Telu-IN', 70, 'అచ్చొరె'),
(37, 'en', 50, 'that''s all'),
(36, 'ggo-Telu-IN', 70, 'అచొట్క్');
INSERT INTO `sil_multilingual_search` (`post_id`, `language_code`, `relevance`, `search_strings`) VALUES
(36, 'en', 50, 'usual'),
(35, 'ggo-Telu-IN', 70, 'అచనక్'),
(35, 'en', 50, 'suddenly'),
(34, 'ggo-Telu-IN', 70, 'అఙె'),
(34, 'en', 50, 'elder brother''s wife.'),
(33, 'ggo-Telu-IN', 70, 'అగ్గటొర్'),
(33, 'en', 50, 'there.'),
(32, 'ggo-Telu-IN', 70, 'అగ్గటొర'),
(32, 'en', 50, 'man from there.'),
(31, 'ggo-Telu-IN', 70, 'అగ్గటల్');
INSERT INTO `sil_multilingual_search` (`post_id`, `language_code`, `relevance`, `search_strings`) VALUES
(31, 'en', 50, 'from there (nm.)'),
(30, 'ggo-Telu-IN', 70, 'అక్సెర్'),
(30, 'en', 50, 'character'),
(29, 'ggo-Telu-IN', 70, 'అక్సెదన దివొస్'),
(29, 'en', 50, 'wedding day'),
(28, 'ggo-Telu-IN', 70, 'అక్సెదంగ్'),
(28, 'en', 50, 'rice with vermilion'),
(27, 'ggo-Telu-IN', 70, 'అక్సర్క్‌నె'),
(26, 'ggo-Telu-IN', 70, 'అక్సర్'),
(26, 'en', 50, 'characters');
INSERT INTO `sil_multilingual_search` (`post_id`, `language_code`, `relevance`, `search_strings`) VALUES
(25, 'ggo-Telu-IN', 70, 'అక్ర'),
(25, 'en', 50, 'eleven.'),
(24, 'ggo-Telu-IN', 70, 'అక్డెమాత'),
(23, 'ggo-Telu-IN', 70, 'అక్కొ మామల్'),
(23, 'en', 50, 'maternal grandfather.'),
(22, 'ggo-Telu-IN', 70, 'అక్కొ మామల'),
(21, 'ggo-Telu-IN', 70, 'అక్కల్'),
(21, 'en', 50, 'wisdom.'),
(20, 'ggo-Telu-IN', 70, 'అకుర్పొక్ (మహ్న)'),
(20, 'en', 50, 'month 6 of the Gond year (August-September).');
